Applicant_ID,Applicant_Income,Coapplicant_Income,Employment_Status,Age,Marital_Status,Dependents,Credit_Score,Existing_Loans,DTI_Ratio,Savings,Collateral_Value,Loan_Amount,Loan_Term,Loan_Purpose,Property_Area,Education_Level,Gender,Employer_Category,Loan_Approved
1.0,17795.0,1387.0,Contract,31.0,Married,0.0,732.0,4.0,0.32,12501.0,13204.0,37833.0,48.0,Business,Urban,Graduate,Female,Self,No
2.0,2860.0,2679.0,Salaried,41.0,Single,0.0,766.0,2.0,0.12,12935.0,8394.0,38336.0,12.0,Home,Semiurban,Graduate,Female,Private,Yes
3.0,7390.0,2106.0,Salaried,55.0,Married,1.0,629.0,,0.37,16569.0,34593.0,22324.0,84.0,Home,Semiurban,Graduate,Male,Private,No
4.0,13964.0,8173.0,Self-employed,32.0,Single,1.0,607.0,1.0,0.27,6973.0,42964.0,,84.0,Home,Rural,Not Graduate,Male,MNC,No
5.0,13284.0,4223.0,Salaried,46.0,Single,2.0,632.0,3.0,0.34,10909.0,12652.0,29191.0,60.0,Home,Urban,Graduate,,Private,No
,8265.0,,Self-employed,39.0,Married,0.0,614.0,2.0,0.41,18752.0,34740.0,4358.0,72.0,Personal,Semiurban,Graduate,Male,Self,No
7.0,18850.0,2768.0,Salaried,27.0,Married,1.0,618.0,2.0,0.53,4926.0,45036.0,3071.0,24.0,Home,Urban,Graduate,Male,Private,No
8.0,,3186.0,Unemployed,27.0,Married,1.0,677.0,3.0,0.43,2976.0,1443.0,20207.0,24.0,Home,Rural,Graduate,Male,Private,No
9.0,16423.0,2573.0,Salaried,46.0,Married,0.0,600.0,3.0,0.32,9056.0,24903.0,24491.0,72.0,Home,Rural,Graduate,Female,Private,No
10.0,13363.0,2599.0,Salaried,25.0,Single,2.0,571.0,4.0,0.51,11637.0,34522.0,10431.0,36.0,Business,Semiurban,Graduate,Male,Private,No
11.0,18023.0,4033.0,Salaried,41.0,Married,2.0,765.0,0.0,0.55,10363.0,29180.0,1901.0,72.0,Business,Semiurban,Not Graduate,Female,Private,Yes
12.0,10322.0,8428.0,Salaried,34.0,Married,2.0,656.0,2.0,0.16,7301.0,49791.0,9599.0,24.0,,Semiurban,Not Graduate,Male,Government,Yes
13.0,3685.0,1304.0,Contract,24.0,Married,2.0,658.0,3.0,0.37,5630.0,22119.0,28781.0,48.0,Business,,Graduate,Male,Government,No
14.0,2769.0,7368.0,Self-employed,43.0,Single,2.0,665.0,3.0,0.24,17558.0,,,60.0,Car,Urban,Graduate,Male,Private,
15.0,,,Self-employed,40.0,Married,0.0,650.0,2.0,0.12,6994.0,,21304.0,72.0,Home,Rural,Graduate,Female,,No
16.0,7311.0,1301.0,Salaried,,Married,2.0,730.0,0.0,0.43,17699.0,39164.0,12545.0,36.0,Personal,Urban,Graduate,Male,Government,No
17.0,7051.0,2541.0,Salaried,49.0,Married,0.0,649.0,3.0,0.53,18098.0,32541.0,4606.0,48.0,Home,Urban,Graduate,Female,Private,No
18.0,8420.0,2051.0,Salaried,28.0,Single,0.0,713.0,3.0,0.18,7416.0,4465.0,,72.0,Business,Semiurban,Graduate,Female,Private,Yes
19.0,19568.0,6809.0,Self-employed,39.0,Single,0.0,617.0,0.0,0.51,19405.0,3711.0,22410.0,48.0,Home,Rural,Graduate,Female,Private,
20.0,8396.0,8633.0,Contract,59.0,,,585.0,1.0,0.53,14966.0,26198.0,17753.0,72.0,Education,Rural,Graduate,Female,MNC,No
21.0,10666.0,8996.0,Salaried,48.0,Married,2.0,729.0,0.0,0.56,10703.0,23488.0,3646.0,48.0,Home,Semiurban,Graduate,Female,Self,No
22.0,4747.0,74.0,Salaried,47.0,Married,0.0,730.0,1.0,0.23,5893.0,39515.0,18920.0,84.0,Personal,Semiurban,Graduate,Female,Private,Yes
23.0,2189.0,6981.0,Self-employed,24.0,Married,2.0,759.0,0.0,0.55,11621.0,24608.0,20071.0,12.0,Education,Rural,Not Graduate,Male,Self,No
24.0,5005.0,5475.0,Contract,35.0,Single,3.0,727.0,1.0,0.26,18164.0,,24561.0,48.0,Home,Urban,Graduate,Female,,No
25.0,3899.0,8232.0,Self-employed,55.0,Single,0.0,757.0,2.0,0.38,8215.0,2919.0,36462.0,84.0,Personal,Rural,Graduate,Female,Private,No
26.0,3267.0,7184.0,Contract,57.0,Married,0.0,718.0,2.0,0.13,10172.0,,38205.0,,Car,Semiurban,Not Graduate,Male,Government,Yes
27.0,19912.0,5796.0,Salaried,21.0,Single,2.0,695.0,2.0,0.12,19932.0,47241.0,27029.0,24.0,Personal,Urban,Graduate,Female,Self,Yes
28.0,13394.0,7141.0,Salaried,23.0,Married,0.0,571.0,3.0,0.46,1822.0,21599.0,8478.0,12.0,Home,Urban,Not Graduate,Male,Private,No
29.0,5556.0,1622.0,Contract,44.0,Single,1.0,615.0,0.0,0.32,18258.0,17965.0,2795.0,48.0,Home,Semiurban,Graduate,Male,Unemployed,No
30.0,5890.0,8041.0,Self-employed,47.0,Single,,570.0,0.0,0.23,11264.0,48003.0,27122.0,60.0,Personal,Urban,Graduate,Male,Private,No
31.0,10838.0,341.0,Salaried,56.0,Married,1.0,649.0,3.0,0.2,16360.0,49478.0,32602.0,60.0,Car,Urban,Graduate,Male,Private,No
32.0,16502.0,2074.0,Self-employed,54.0,Single,,,0.0,0.43,12872.0,15434.0,25983.0,24.0,Personal,Urban,Graduate,Female,MNC,No
33.0,12627.0,7992.0,Contract,49.0,Married,,593.0,4.0,0.1,17600.0,47246.0,34608.0,48.0,Home,Urban,Not Graduate,Female,Government,No
34.0,10792.0,645.0,Self-employed,44.0,Married,2.0,652.0,3.0,0.5,5557.0,37649.0,24675.0,12.0,Car,,Not Graduate,Female,Unemployed,No
35.0,12555.0,4263.0,Self-employed,44.0,Married,2.0,596.0,2.0,0.14,6367.0,2999.0,3410.0,60.0,Personal,Rural,Not Graduate,Female,Unemployed,Yes
,12253.0,8801.0,Salaried,24.0,Married,2.0,588.0,4.0,0.2,15994.0,15849.0,37928.0,72.0,Personal,Urban,Graduate,Male,,No
37.0,10433.0,6136.0,Salaried,23.0,Single,2.0,578.0,0.0,,4812.0,11903.0,32863.0,36.0,Car,Semiurban,Graduate,Male,Private,No
38.0,12233.0,8646.0,Salaried,54.0,Single,0.0,603.0,1.0,0.34,14303.0,48468.0,16794.0,48.0,Car,Urban,Graduate,Male,Private,No
39.0,13016.0,2969.0,Contract,,Single,1.0,639.0,2.0,0.28,8467.0,6445.0,6507.0,84.0,Car,Semiurban,Graduate,Female,Self,Yes
40.0,4612.0,3028.0,Contract,43.0,Single,0.0,634.0,1.0,0.26,10751.0,36396.0,30737.0,84.0,Home,Rural,Not Graduate,Male,Government,No
41.0,17787.0,7643.0,Contract,25.0,Single,2.0,566.0,4.0,0.58,4746.0,19040.0,8126.0,72.0,Car,Semiurban,Graduate,Female,Government,No
42.0,19159.0,2681.0,Salaried,51.0,Married,0.0,629.0,0.0,0.42,18956.0,1246.0,10999.0,72.0,Home,Rural,Graduate,,Private,No
43.0,14206.0,3629.0,Self-employed,26.0,Married,1.0,737.0,2.0,0.11,19412.0,32153.0,33031.0,48.0,Personal,Semiurban,Graduate,Female,Private,Yes
,10226.0,4225.0,Contract,57.0,Married,0.0,708.0,,0.32,3493.0,6212.0,28655.0,36.0,Personal,Semiurban,Not Graduate,Male,Government,No
45.0,16541.0,3067.0,Self-employed,30.0,Single,2.0,792.0,2.0,0.54,7559.0,4339.0,7807.0,60.0,Car,Semiurban,Not Graduate,Male,Private,Yes
46.0,5152.0,5941.0,Contract,27.0,Single,2.0,622.0,1.0,0.25,4020.0,24142.0,27939.0,36.0,Car,Rural,Graduate,,Private,No
47.0,3585.0,1386.0,Contract,59.0,Married,0.0,772.0,1.0,0.15,14091.0,20394.0,33592.0,24.0,Home,Rural,Graduate,Female,Private,Yes
48.0,5943.0,2866.0,Salaried,58.0,Single,2.0,755.0,3.0,0.48,9309.0,36136.0,8726.0,12.0,Personal,Semiurban,Graduate,Male,Private,No
49.0,3021.0,4788.0,Salaried,41.0,Single,0.0,598.0,0.0,0.4,778.0,13186.0,21027.0,12.0,Education,Rural,Graduate,Female,Self,No
50.0,13653.0,5490.0,,,Married,1.0,650.0,3.0,0.39,11145.0,35607.0,35348.0,72.0,Personal,Urban,Not Graduate,Female,Self,No
51.0,12805.0,4124.0,Salaried,23.0,Married,2.0,551.0,2.0,0.13,8586.0,39973.0,37450.0,60.0,Business,Rural,Graduate,Male,Private,No
52.0,,8340.0,Self-employed,42.0,Married,0.0,793.0,3.0,0.17,1811.0,5395.0,5111.0,,Business,,Graduate,Male,Private,Yes
53.0,9989.0,3850.0,Contract,24.0,Married,3.0,725.0,3.0,0.41,17656.0,,2034.0,72.0,Car,Urban,Graduate,Male,Government,No
,11692.0,5415.0,Salaried,48.0,Married,0.0,787.0,0.0,0.2,17233.0,23151.0,25327.0,48.0,Home,Urban,Graduate,Male,Private,Yes
55.0,14990.0,7679.0,Salaried,32.0,Married,0.0,691.0,2.0,0.35,2761.0,4691.0,10491.0,72.0,Personal,Rural,Not Graduate,Female,Unemployed,Yes
56.0,8873.0,6819.0,Self-employed,58.0,Married,3.0,608.0,3.0,0.37,,8470.0,9269.0,48.0,Home,Rural,Graduate,Male,Self,Yes
57.0,,,Salaried,56.0,Married,0.0,646.0,1.0,0.24,14753.0,4841.0,33434.0,48.0,Personal,Rural,Graduate,Male,MNC,
58.0,2161.0,1333.0,Salaried,25.0,Single,3.0,648.0,4.0,0.57,5101.0,38116.0,12599.0,24.0,Business,Rural,Not Graduate,Male,Government,No
59.0,6297.0,4150.0,Salaried,33.0,Married,3.0,735.0,1.0,0.52,7192.0,18776.0,,24.0,Business,Semiurban,Graduate,Male,Private,No
60.0,2995.0,6766.0,Salaried,43.0,Single,0.0,,0.0,0.46,3783.0,7060.0,12479.0,48.0,Car,Rural,Not Graduate,Male,Government,No
61.0,13534.0,2711.0,Salaried,50.0,Married,1.0,735.0,1.0,,7975.0,28584.0,13454.0,60.0,Personal,Rural,Graduate,Male,Private,Yes
62.0,9629.0,4853.0,Salaried,57.0,Married,0.0,788.0,4.0,0.15,2758.0,49293.0,38504.0,24.0,Personal,Semiurban,Graduate,Male,Private,Yes
63.0,3016.0,6212.0,Salaried,45.0,Single,1.0,728.0,1.0,0.35,,5300.0,33978.0,,Business,Urban,Graduate,Male,Private,No
64.0,10529.0,7479.0,Contract,47.0,Married,0.0,761.0,3.0,0.18,15923.0,4338.0,29455.0,12.0,Business,Semiurban,Graduate,Female,Private,Yes
65.0,19262.0,5408.0,Salaried,34.0,Married,0.0,551.0,3.0,0.59,15997.0,6487.0,4288.0,72.0,Education,Rural,,Male,Private,No
66.0,11268.0,7715.0,Self-employed,56.0,Single,0.0,792.0,1.0,0.18,7757.0,37282.0,16345.0,12.0,Home,Rural,Graduate,Male,,Yes
67.0,14185.0,8942.0,Salaried,59.0,Married,1.0,590.0,0.0,0.34,6463.0,,22509.0,60.0,Car,Rural,Graduate,Male,Government,No
68.0,8331.0,1762.0,Salaried,36.0,Married,3.0,760.0,3.0,0.28,7317.0,31262.0,11901.0,24.0,,Rural,Graduate,Male,MNC,Yes
69.0,10571.0,7101.0,Self-employed,42.0,Married,2.0,672.0,1.0,0.42,11786.0,12280.0,4227.0,84.0,Home,Rural,Graduate,Male,Private,No
70.0,9208.0,7674.0,Salaried,41.0,Married,2.0,778.0,3.0,0.16,,,36538.0,24.0,,Rural,,Female,Government,Yes
71.0,7276.0,6122.0,Salaried,41.0,Married,1.0,631.0,1.0,,11890.0,29804.0,18920.0,36.0,Education,Semiurban,Graduate,Male,Private,No
72.0,18448.0,481.0,Self-employed,28.0,Married,2.0,693.0,1.0,0.24,4252.0,10915.0,23073.0,60.0,Home,Urban,Graduate,Female,MNC,Yes
73.0,18216.0,153.0,Self-employed,36.0,Single,0.0,681.0,3.0,0.54,,12158.0,2095.0,84.0,Home,Semiurban,Not Graduate,Male,Private,No
74.0,10006.0,7617.0,Salaried,51.0,Single,2.0,689.0,1.0,0.12,18236.0,9621.0,33690.0,72.0,Car,Semiurban,Graduate,Female,Unemployed,Yes
75.0,4568.0,1524.0,Salaried,30.0,Single,3.0,578.0,1.0,0.56,6348.0,11547.0,23022.0,72.0,Business,Rural,Graduate,Female,Private,No
76.0,4027.0,,Self-employed,52.0,,0.0,684.0,1.0,0.52,15267.0,24177.0,,,Car,Semiurban,Graduate,Male,Unemployed,No
77.0,4695.0,2343.0,Salaried,54.0,Single,2.0,563.0,1.0,0.25,8125.0,47253.0,31294.0,72.0,Home,Urban,Graduate,Male,Private,No
78.0,17422.0,5136.0,Self-employed,29.0,Married,2.0,796.0,,0.49,8130.0,3459.0,,84.0,Home,Urban,Graduate,,Private,Yes
79.0,7258.0,5760.0,Self-employed,37.0,Single,3.0,561.0,3.0,0.12,3945.0,29768.0,1654.0,60.0,,Semiurban,Not Graduate,Male,Private,No
80.0,8736.0,1240.0,Unemployed,31.0,,2.0,648.0,1.0,0.58,5997.0,39041.0,13517.0,84.0,Education,Semiurban,Not Graduate,Female,Private,No
81.0,2391.0,60.0,Salaried,52.0,,0.0,682.0,2.0,0.36,8393.0,43225.0,38973.0,84.0,Car,Urban,Graduate,Male,Unemployed,No
82.0,15986.0,1639.0,Contract,30.0,Married,0.0,630.0,2.0,0.25,6398.0,39191.0,29378.0,36.0,Car,Urban,Graduate,Male,Government,No
83.0,14666.0,6185.0,Salaried,42.0,Married,0.0,799.0,1.0,0.28,13935.0,18434.0,4751.0,36.0,Home,Semiurban,Graduate,Female,,Yes
84.0,7892.0,7970.0,Salaried,37.0,Married,,655.0,1.0,0.13,11333.0,39247.0,17488.0,12.0,Personal,Urban,Not Graduate,Female,MNC,Yes
85.0,5561.0,1252.0,Salaried,24.0,Single,0.0,581.0,4.0,0.59,5132.0,16419.0,35034.0,60.0,Personal,Urban,,Male,Government,No
86.0,8184.0,4203.0,Self-employed,45.0,Married,2.0,623.0,3.0,0.12,15681.0,36017.0,22102.0,60.0,Car,Urban,Graduate,Female,MNC,Yes
87.0,10392.0,8363.0,Salaried,41.0,Single,0.0,720.0,2.0,0.43,12140.0,36577.0,29504.0,36.0,Car,Semiurban,Graduate,Male,Private,Yes
88.0,15067.0,3549.0,Salaried,57.0,Married,0.0,630.0,2.0,0.32,17110.0,3921.0,37835.0,48.0,Business,Semiurban,Graduate,Female,MNC,No
89.0,17265.0,4197.0,Salaried,58.0,Married,1.0,618.0,,,8038.0,5676.0,,48.0,Home,Urban,Graduate,Female,Private,No
90.0,4454.0,7009.0,Contract,21.0,Married,2.0,594.0,2.0,0.22,10067.0,21425.0,1286.0,12.0,Personal,Rural,Graduate,Female,Government,No
91.0,13837.0,6667.0,,45.0,Married,0.0,655.0,2.0,0.37,7952.0,36185.0,,48.0,Car,Urban,Not Graduate,Male,Private,No
92.0,16039.0,2322.0,Self-employed,56.0,Married,1.0,686.0,2.0,0.34,479.0,14463.0,25235.0,48.0,Car,Urban,Graduate,Male,Government,No
93.0,,4090.0,Salaried,37.0,Married,1.0,726.0,1.0,0.45,6915.0,26474.0,10402.0,48.0,Personal,Urban,Graduate,Male,Government,Yes
94.0,11762.0,6960.0,Salaried,44.0,Single,0.0,710.0,0.0,0.13,2794.0,41935.0,12294.0,24.0,Business,Urban,Not Graduate,Male,Private,Yes
95.0,7056.0,3004.0,Self-employed,22.0,Married,0.0,777.0,0.0,0.2,11994.0,2469.0,28599.0,12.0,Personal,Urban,Graduate,Male,MNC,Yes
96.0,,5136.0,Salaried,35.0,Married,2.0,649.0,4.0,0.21,15053.0,8292.0,11872.0,36.0,Home,Urban,Graduate,Female,MNC,Yes
97.0,10110.0,329.0,Salaried,52.0,Single,1.0,695.0,1.0,0.47,3962.0,26409.0,9067.0,48.0,Personal,Semiurban,Graduate,Male,MNC,No
98.0,15773.0,3640.0,Self-employed,59.0,Single,0.0,558.0,1.0,,2234.0,24526.0,18010.0,72.0,Personal,Semiurban,Graduate,Male,,Yes
99.0,19412.0,7982.0,Unemployed,26.0,Single,2.0,611.0,,0.39,13628.0,24465.0,14595.0,84.0,Personal,Semiurban,Graduate,Female,Self,No
100.0,2502.0,4107.0,Self-employed,21.0,Married,3.0,734.0,0.0,0.21,18327.0,31955.0,19255.0,24.0,Personal,Rural,Not Graduate,Female,MNC,No
101.0,8910.0,1341.0,Self-employed,43.0,Single,,578.0,3.0,0.53,12953.0,27785.0,18925.0,48.0,Home,Urban,Not Graduate,Male,MNC,No
102.0,14685.0,8407.0,Unemployed,59.0,Single,1.0,674.0,2.0,0.57,4635.0,22033.0,11231.0,84.0,Personal,Rural,Graduate,Male,Private,No
103.0,2206.0,338.0,Salaried,37.0,Married,2.0,663.0,2.0,0.36,1580.0,7931.0,25926.0,84.0,Personal,Urban,Graduate,Female,Self,No
104.0,,,Self-employed,54.0,Married,3.0,755.0,0.0,,17023.0,2091.0,35881.0,24.0,Car,Semiurban,Graduate,Female,MNC,Yes
105.0,17934.0,2708.0,Unemployed,49.0,Married,2.0,702.0,3.0,0.22,12699.0,26772.0,16453.0,12.0,Personal,Urban,Graduate,Male,Self,Yes
106.0,19247.0,1750.0,Salaried,29.0,Married,1.0,692.0,0.0,0.12,19316.0,17363.0,8880.0,72.0,Home,Rural,Graduate,Male,Private,Yes
107.0,10755.0,5604.0,Self-employed,33.0,Single,1.0,683.0,0.0,0.23,13863.0,29490.0,17572.0,72.0,Car,Semiurban,Graduate,Male,Private,No
108.0,14383.0,2421.0,Self-employed,26.0,Married,2.0,669.0,1.0,0.43,19993.0,1260.0,13226.0,72.0,Education,Urban,Graduate,Female,Unemployed,No
109.0,16820.0,7119.0,Self-employed,26.0,Single,0.0,719.0,1.0,0.37,4542.0,11456.0,34283.0,48.0,Car,Semiurban,Graduate,Male,MNC,No
110.0,9574.0,8901.0,Self-employed,40.0,Married,1.0,706.0,0.0,0.57,16520.0,23320.0,4661.0,24.0,Car,Urban,Graduate,Male,Private,No
111.0,8374.0,5319.0,,,Married,2.0,628.0,2.0,0.3,19429.0,14435.0,24939.0,72.0,Personal,,Graduate,Male,Private,No
112.0,3678.0,6609.0,Contract,37.0,Married,2.0,642.0,2.0,0.45,9616.0,43145.0,10925.0,84.0,Education,Semiurban,Graduate,Female,,No
113.0,3059.0,5387.0,Salaried,32.0,Married,1.0,553.0,3.0,0.34,14244.0,49581.0,2793.0,84.0,Education,Urban,Not Graduate,Male,Government,No
114.0,18198.0,3993.0,Contract,21.0,Single,2.0,631.0,1.0,0.36,104.0,28025.0,20456.0,60.0,Personal,Urban,Graduate,Male,Private,No
,11914.0,8680.0,Salaried,37.0,Single,0.0,791.0,0.0,0.23,10287.0,29109.0,6205.0,60.0,Home,Urban,Not Graduate,Female,Government,
,12817.0,8044.0,Salaried,23.0,Married,1.0,734.0,1.0,0.33,16181.0,21754.0,16319.0,24.0,Education,Semiurban,Not Graduate,Male,MNC,Yes
117.0,12921.0,,Salaried,46.0,Married,2.0,726.0,4.0,0.34,18349.0,5301.0,28304.0,,Personal,Urban,Not Graduate,Male,Self,No
118.0,11789.0,4873.0,Salaried,35.0,Married,0.0,721.0,2.0,0.45,18666.0,8207.0,5762.0,48.0,Car,Semiurban,Graduate,Female,Private,Yes
119.0,18312.0,4806.0,Salaried,56.0,Single,0.0,780.0,3.0,0.57,16114.0,28920.0,10301.0,12.0,Business,Rural,Not Graduate,Male,MNC,No
120.0,13252.0,8592.0,Unemployed,52.0,Married,3.0,,0.0,0.26,4861.0,23203.0,1060.0,12.0,Car,Urban,Graduate,Female,Government,
121.0,4693.0,5913.0,Self-employed,52.0,Married,0.0,,2.0,0.12,4671.0,22545.0,30757.0,72.0,Home,Rural,Graduate,Male,,No
122.0,15931.0,7124.0,Self-employed,24.0,Single,0.0,563.0,0.0,0.35,17732.0,25016.0,8773.0,36.0,Business,Semiurban,Graduate,Male,Government,No
123.0,5627.0,3157.0,Salaried,38.0,Single,3.0,680.0,2.0,0.37,8840.0,32098.0,24452.0,84.0,Personal,Urban,Graduate,Female,Self,No
124.0,18157.0,390.0,Unemployed,39.0,Married,2.0,792.0,4.0,0.18,14929.0,9556.0,20600.0,12.0,Car,Semiurban,Graduate,Male,Unemployed,Yes
125.0,12173.0,4430.0,,,Married,2.0,663.0,4.0,0.48,,47563.0,34238.0,48.0,Car,Semiurban,Graduate,Female,MNC,No
126.0,12230.0,8820.0,Contract,34.0,Single,2.0,611.0,2.0,0.59,14741.0,21102.0,10869.0,84.0,Personal,Semiurban,Graduate,Male,Private,No
127.0,17707.0,7686.0,Salaried,53.0,Single,0.0,655.0,1.0,0.57,10522.0,39893.0,18364.0,36.0,Home,Urban,Graduate,Male,Private,No
,13494.0,4232.0,Salaried,34.0,Married,2.0,613.0,4.0,0.2,17264.0,2924.0,31707.0,12.0,Car,,Graduate,Female,,Yes
129.0,3306.0,8007.0,Salaried,,,,651.0,2.0,0.54,16109.0,20479.0,,24.0,Personal,Rural,Graduate,Male,Self,No
130.0,8776.0,1521.0,,24.0,Single,2.0,722.0,0.0,0.45,15131.0,40451.0,35311.0,60.0,Education,Semiurban,Not Graduate,Male,Self,No
131.0,11474.0,1500.0,Salaried,44.0,,1.0,655.0,1.0,0.33,18960.0,,36759.0,12.0,Personal,Semiurban,Graduate,Male,Private,No
132.0,9526.0,6737.0,Unemployed,49.0,Married,1.0,759.0,0.0,0.37,311.0,,20470.0,12.0,Business,Urban,Graduate,Male,Private,No
133.0,7530.0,3294.0,Salaried,39.0,Married,1.0,735.0,1.0,0.52,6581.0,47099.0,14303.0,24.0,Business,Rural,Not Graduate,Female,MNC,No
134.0,5748.0,5085.0,Salaried,26.0,Single,1.0,569.0,1.0,0.34,16865.0,,7402.0,48.0,,Rural,Graduate,Female,MNC,No
135.0,15545.0,2419.0,Salaried,53.0,Married,2.0,607.0,2.0,0.29,13407.0,1306.0,36304.0,72.0,Home,Urban,Graduate,Female,Private,No
136.0,2663.0,,Salaried,39.0,Single,1.0,661.0,1.0,0.35,16556.0,23959.0,34909.0,24.0,Education,,Not Graduate,Female,Self,No
137.0,3998.0,4497.0,Salaried,21.0,Single,,,0.0,0.39,9095.0,,24031.0,72.0,Car,Rural,Not Graduate,Male,Government,No
138.0,9994.0,1466.0,Salaried,25.0,Married,1.0,606.0,2.0,0.19,1486.0,39796.0,31230.0,12.0,Home,Rural,Graduate,Male,,No
139.0,19879.0,3561.0,Salaried,47.0,Single,1.0,779.0,3.0,0.55,13035.0,13207.0,17117.0,,Home,Semiurban,Graduate,Female,Private,Yes
140.0,5304.0,614.0,Contract,36.0,Single,2.0,754.0,2.0,0.44,7348.0,40426.0,4419.0,36.0,Business,Rural,Not Graduate,Male,Private,No
141.0,15808.0,5392.0,Unemployed,26.0,Married,2.0,745.0,1.0,0.42,16010.0,7336.0,38275.0,12.0,Home,Semiurban,Graduate,Male,Private,No
142.0,8585.0,7693.0,Salaried,33.0,Married,2.0,668.0,4.0,0.15,320.0,47664.0,36126.0,24.0,Home,Urban,Graduate,Female,Government,No
143.0,19675.0,3223.0,Salaried,55.0,Married,,755.0,4.0,0.4,,10630.0,,36.0,Personal,Semiurban,Graduate,Male,Private,Yes
144.0,13649.0,7138.0,Contract,39.0,Single,2.0,646.0,0.0,0.16,15552.0,18256.0,16210.0,60.0,Education,Semiurban,Graduate,Male,Private,Yes
145.0,,2667.0,Salaried,32.0,Single,1.0,641.0,0.0,0.14,9094.0,34909.0,28168.0,36.0,Personal,Rural,Not Graduate,Male,Government,No
146.0,19082.0,7980.0,Salaried,36.0,Married,2.0,601.0,3.0,0.36,19411.0,42168.0,30620.0,24.0,Home,Urban,Not Graduate,Female,Private,
147.0,6737.0,130.0,Contract,30.0,Single,3.0,586.0,3.0,0.3,2347.0,,38584.0,84.0,,Semiurban,Graduate,Male,Self,No
148.0,,,Salaried,45.0,Married,,557.0,4.0,,8809.0,43017.0,6595.0,36.0,Personal,Rural,Graduate,Male,Private,No
149.0,15877.0,4278.0,Self-employed,40.0,Married,2.0,593.0,3.0,0.14,17926.0,46704.0,6415.0,24.0,Home,Urban,Graduate,,Government,Yes
150.0,2854.0,7126.0,Self-employed,51.0,Married,2.0,647.0,,0.32,9984.0,31013.0,31664.0,84.0,Personal,Urban,Not Graduate,Female,MNC,No
151.0,7855.0,8230.0,Salaried,,Married,1.0,785.0,2.0,0.19,13400.0,15455.0,31511.0,12.0,Home,Rural,Graduate,Female,Private,Yes
152.0,9392.0,7694.0,Salaried,43.0,Married,0.0,682.0,0.0,0.59,656.0,5722.0,21652.0,84.0,Education,Semiurban,,Male,Government,No
153.0,15949.0,6640.0,Contract,22.0,Married,1.0,667.0,0.0,0.38,6342.0,13812.0,7192.0,48.0,Personal,Semiurban,Not Graduate,Male,Private,Yes
154.0,7791.0,5468.0,Salaried,42.0,Married,3.0,618.0,1.0,0.44,,31276.0,8284.0,60.0,Home,Rural,Graduate,Male,MNC,No
155.0,6931.0,920.0,Salaried,57.0,Single,2.0,708.0,2.0,0.26,11204.0,37776.0,15989.0,84.0,Education,Urban,Graduate,Male,Unemployed,Yes
156.0,2202.0,7564.0,Self-employed,28.0,Married,1.0,594.0,2.0,,412.0,11060.0,15052.0,48.0,Car,Rural,Graduate,Male,Private,No
157.0,13447.0,8684.0,Salaried,27.0,Married,3.0,686.0,3.0,0.59,4508.0,14056.0,19771.0,48.0,Car,,Not Graduate,Male,Self,No
158.0,14688.0,8502.0,Salaried,34.0,Married,1.0,783.0,1.0,0.24,11153.0,7655.0,17182.0,48.0,Business,Semiurban,Graduate,Male,Private,Yes
159.0,6389.0,8930.0,Contract,23.0,Single,1.0,581.0,,0.31,8839.0,23574.0,24233.0,84.0,Car,Semiurban,Not Graduate,Female,MNC,No
,4327.0,3241.0,Salaried,36.0,Married,2.0,582.0,0.0,0.42,6934.0,14027.0,26182.0,24.0,Car,Rural,Graduate,Female,Private,No
161.0,10004.0,545.0,Contract,39.0,,2.0,,1.0,0.11,19487.0,,7632.0,,Car,,Graduate,Male,Unemployed,Yes
162.0,9777.0,4346.0,Contract,38.0,Single,0.0,616.0,3.0,0.51,2910.0,,22549.0,60.0,Home,Urban,Graduate,Male,Private,No
163.0,2197.0,3810.0,Self-employed,36.0,Married,1.0,,2.0,0.37,12451.0,34289.0,26474.0,,,Urban,Graduate,Male,Government,No
164.0,3930.0,7206.0,Salaried,28.0,Married,1.0,663.0,4.0,,1330.0,20739.0,21557.0,72.0,Business,Urban,Not Graduate,Male,MNC,No
165.0,13774.0,2032.0,,53.0,Single,0.0,753.0,1.0,0.13,12510.0,35168.0,1318.0,24.0,Personal,Semiurban,Graduate,Male,Unemployed,Yes
166.0,17087.0,8436.0,Salaried,32.0,Married,1.0,578.0,,0.18,13003.0,45698.0,30771.0,24.0,Car,Rural,Graduate,Male,Private,No
167.0,11339.0,271.0,Self-employed,31.0,Married,1.0,680.0,1.0,0.55,11224.0,37491.0,13698.0,24.0,Car,Rural,Graduate,Female,Government,No
168.0,13589.0,3511.0,Salaried,25.0,Married,0.0,767.0,1.0,0.44,2339.0,31013.0,33710.0,12.0,Education,Urban,Graduate,Female,Private,No
169.0,17708.0,1771.0,Salaried,47.0,Married,1.0,734.0,3.0,0.22,18919.0,,12040.0,60.0,Education,Semiurban,Graduate,Male,Private,No
170.0,19043.0,4361.0,Salaried,32.0,Married,0.0,579.0,2.0,0.13,10547.0,19242.0,21905.0,72.0,,Semiurban,Graduate,Female,Private,No
171.0,4811.0,7069.0,,37.0,Married,1.0,,3.0,0.45,19026.0,5781.0,19730.0,24.0,Business,Urban,Graduate,Female,Private,No
172.0,16243.0,920.0,Unemployed,26.0,Married,2.0,703.0,0.0,0.39,1133.0,21448.0,5576.0,,Business,Rural,Graduate,Female,Government,
173.0,8546.0,8190.0,Salaried,53.0,Married,2.0,679.0,3.0,0.3,14771.0,46641.0,33862.0,36.0,Car,Rural,Not Graduate,Male,Private,No
174.0,3986.0,3430.0,Salaried,25.0,Single,0.0,611.0,0.0,0.28,6039.0,22446.0,37546.0,12.0,Home,Rural,Graduate,Male,,No
175.0,10338.0,4435.0,Self-employed,48.0,Married,0.0,552.0,3.0,0.21,10993.0,12043.0,28422.0,84.0,Home,Urban,Graduate,Female,Private,No
176.0,13411.0,3760.0,Salaried,34.0,Married,0.0,723.0,1.0,0.43,2015.0,20853.0,22595.0,24.0,Business,Semiurban,Graduate,Male,Private,No
177.0,4911.0,2050.0,Salaried,25.0,Single,1.0,617.0,1.0,0.59,19542.0,21079.0,11184.0,72.0,Business,Urban,Graduate,Female,,No
178.0,3734.0,1165.0,Self-employed,53.0,Single,,574.0,2.0,0.19,10476.0,18101.0,18131.0,12.0,Personal,Urban,Graduate,,Private,No
179.0,10680.0,8567.0,Salaried,39.0,Married,1.0,,4.0,0.4,,1642.0,37759.0,72.0,,Semiurban,Graduate,Female,Private,No
180.0,7759.0,2033.0,Unemployed,42.0,Single,0.0,,0.0,0.31,17836.0,,,84.0,Personal,Rural,Not Graduate,Male,Private,No
181.0,4385.0,6467.0,Salaried,25.0,Married,2.0,780.0,1.0,0.32,4339.0,19932.0,3139.0,84.0,Business,Rural,Graduate,Male,Government,No
182.0,13111.0,145.0,Salaried,22.0,Married,0.0,,3.0,0.23,2350.0,45653.0,39066.0,12.0,Education,Rural,Graduate,Female,Self,No
183.0,6736.0,4388.0,Salaried,50.0,Single,0.0,712.0,1.0,0.51,19655.0,25945.0,8191.0,,Home,Rural,Graduate,Female,Private,No
184.0,3802.0,7832.0,Contract,,Married,2.0,604.0,0.0,0.34,19373.0,,,60.0,Personal,Urban,Not Graduate,Male,Private,No
185.0,10155.0,8623.0,Salaried,24.0,Married,0.0,764.0,1.0,0.37,7110.0,14397.0,19691.0,12.0,Home,Semiurban,Graduate,,MNC,No
186.0,10120.0,8896.0,Self-employed,53.0,Married,0.0,686.0,1.0,0.25,1683.0,26362.0,25775.0,48.0,Business,Urban,Graduate,Female,MNC,No
187.0,8616.0,8173.0,Salaried,33.0,,1.0,679.0,4.0,0.19,11044.0,48842.0,2012.0,84.0,Personal,Urban,Graduate,Male,Private,Yes
188.0,16257.0,2632.0,Contract,40.0,Married,1.0,738.0,3.0,0.14,8627.0,47539.0,38447.0,36.0,Home,Semiurban,Graduate,Female,Government,Yes
189.0,16486.0,4494.0,Salaried,27.0,Single,2.0,795.0,2.0,0.46,12091.0,34717.0,14132.0,84.0,Business,Semiurban,Graduate,Male,Private,No
190.0,18646.0,8056.0,Salaried,35.0,Married,,590.0,4.0,0.2,7908.0,24016.0,12246.0,48.0,Home,Semiurban,Not Graduate,Male,Private,No
191.0,16075.0,7511.0,Self-employed,43.0,Single,1.0,721.0,1.0,0.45,,15732.0,30766.0,36.0,Business,,Graduate,Male,Private,
192.0,11208.0,1828.0,Salaried,34.0,Married,0.0,613.0,0.0,0.3,12031.0,27911.0,8455.0,84.0,Car,Urban,Graduate,Female,Government,No
193.0,18371.0,4805.0,Salaried,43.0,Single,0.0,580.0,1.0,0.31,17797.0,18866.0,20926.0,48.0,Personal,Urban,Graduate,Female,Private,No
194.0,13835.0,806.0,Contract,39.0,Single,2.0,785.0,1.0,0.33,5354.0,43607.0,16623.0,48.0,,Urban,Graduate,Male,MNC,Yes
195.0,15168.0,7486.0,Salaried,49.0,Single,2.0,596.0,0.0,0.28,18871.0,28621.0,30680.0,84.0,Car,Urban,Graduate,Female,Government,No
196.0,4049.0,8202.0,Self-employed,40.0,,0.0,679.0,4.0,0.15,18877.0,13823.0,28172.0,84.0,Personal,Semiurban,Not Graduate,,Private,No
197.0,7423.0,1868.0,Salaried,,Married,1.0,645.0,3.0,0.25,,30986.0,29794.0,72.0,Personal,Rural,Not Graduate,,Self,No
198.0,16589.0,7878.0,,44.0,Married,0.0,759.0,1.0,0.43,8925.0,15690.0,30983.0,,Home,Semiurban,Not Graduate,Male,Private,No
199.0,9158.0,5690.0,Salaried,38.0,Single,,626.0,2.0,0.43,7878.0,40107.0,28402.0,12.0,Personal,Semiurban,Not Graduate,Male,Private,No
200.0,12248.0,7827.0,Salaried,30.0,Single,0.0,659.0,3.0,0.24,17863.0,11956.0,5105.0,36.0,Business,Urban,Graduate,Male,Private,Yes
201.0,9400.0,5429.0,Unemployed,28.0,Married,0.0,618.0,4.0,0.33,13925.0,22303.0,25960.0,60.0,Education,Rural,Graduate,Female,Private,No
202.0,11874.0,3564.0,Contract,46.0,,1.0,607.0,3.0,0.2,14359.0,37533.0,4758.0,84.0,Education,Urban,Graduate,Male,,Yes
203.0,17151.0,1389.0,Salaried,49.0,Married,1.0,655.0,2.0,0.21,3686.0,30674.0,31939.0,72.0,Personal,Rural,Graduate,Female,Private,No
204.0,3154.0,7274.0,Salaried,30.0,Single,1.0,593.0,3.0,0.11,17203.0,36595.0,11211.0,12.0,Business,Rural,Not Graduate,Female,Private,Yes
205.0,6499.0,824.0,Contract,37.0,Married,0.0,623.0,2.0,0.55,2412.0,3058.0,27294.0,12.0,Business,Rural,Not Graduate,Female,Private,
206.0,8295.0,2265.0,Salaried,22.0,Single,0.0,605.0,2.0,0.21,14947.0,12519.0,4339.0,72.0,Personal,Urban,Not Graduate,Female,MNC,No
207.0,14183.0,936.0,Contract,26.0,,1.0,720.0,0.0,0.21,17175.0,32115.0,20656.0,24.0,Home,Semiurban,Graduate,Male,Private,Yes
208.0,14874.0,6402.0,,,Married,0.0,676.0,0.0,0.24,4988.0,,28497.0,72.0,Car,Urban,Graduate,Female,Private,No
209.0,7539.0,3845.0,Salaried,48.0,Married,2.0,766.0,,0.16,19098.0,2832.0,34009.0,12.0,Business,Urban,Graduate,Male,MNC,No
210.0,11637.0,1796.0,Salaried,25.0,Married,0.0,711.0,1.0,0.42,15676.0,42368.0,15878.0,60.0,Personal,Urban,Graduate,Female,Government,No
211.0,17586.0,8245.0,Self-employed,38.0,Married,1.0,778.0,0.0,0.14,15432.0,23889.0,38501.0,24.0,Business,Rural,Graduate,Female,Government,Yes
212.0,4557.0,7214.0,Salaried,46.0,Married,2.0,579.0,3.0,0.17,19264.0,49386.0,39455.0,48.0,Home,Rural,Graduate,Female,Private,No
213.0,7592.0,726.0,Salaried,40.0,Married,0.0,620.0,0.0,0.42,9131.0,40938.0,25126.0,72.0,Education,,,Female,Self,No
,,2736.0,Unemployed,47.0,Single,1.0,747.0,2.0,0.27,,,4214.0,,Car,Semiurban,Not Graduate,Male,Private,Yes
215.0,4200.0,1913.0,Self-employed,32.0,Married,2.0,667.0,2.0,0.45,19433.0,7299.0,39053.0,24.0,Personal,,Graduate,Male,Self,No
,16172.0,7657.0,Contract,27.0,Married,0.0,604.0,,0.38,3872.0,8830.0,8912.0,24.0,Home,Semiurban,Graduate,Female,MNC,No
217.0,4961.0,2466.0,Self-employed,23.0,Single,3.0,616.0,1.0,0.23,,45207.0,15907.0,,Home,Urban,,Male,Government,No
218.0,,7312.0,Self-employed,30.0,Single,1.0,,0.0,0.43,16188.0,38570.0,9286.0,36.0,Business,Semiurban,Graduate,Male,Private,No
219.0,13969.0,8194.0,Salaried,54.0,Married,0.0,552.0,2.0,0.16,17056.0,23441.0,38941.0,72.0,Education,Rural,Not Graduate,Male,Government,No
220.0,4869.0,7906.0,Salaried,45.0,Married,1.0,575.0,3.0,0.37,699.0,7615.0,25830.0,84.0,Car,Semiurban,Graduate,Male,Government,No
221.0,19340.0,4876.0,Salaried,55.0,Married,0.0,606.0,4.0,0.32,12836.0,7762.0,34372.0,60.0,Home,Rural,Graduate,,Government,No
222.0,15992.0,7287.0,Salaried,36.0,Single,2.0,675.0,1.0,0.23,17523.0,39311.0,10567.0,,Car,Semiurban,Graduate,Female,Government,Yes
223.0,7699.0,892.0,Contract,22.0,Single,2.0,701.0,1.0,0.4,18363.0,25709.0,17282.0,48.0,Home,,Graduate,Male,Self,No
224.0,5987.0,4675.0,Salaried,44.0,Single,2.0,602.0,,0.54,14405.0,,19283.0,48.0,,Urban,Not Graduate,Male,Government,No
225.0,15446.0,1933.0,Salaried,30.0,Married,3.0,747.0,0.0,0.6,653.0,24434.0,15278.0,84.0,Business,Urban,Graduate,Female,,No
226.0,3218.0,1380.0,Salaried,58.0,Single,2.0,592.0,2.0,0.4,3296.0,22343.0,6414.0,48.0,Education,Semiurban,Not Graduate,Male,Unemployed,No
227.0,6735.0,1290.0,Salaried,42.0,Married,1.0,737.0,1.0,0.3,6416.0,16739.0,30826.0,72.0,Home,Urban,Graduate,Male,Private,Yes
228.0,13296.0,1640.0,Salaried,,Married,0.0,735.0,0.0,0.21,3903.0,1666.0,30021.0,12.0,Personal,Rural,Not Graduate,Female,Self,Yes
229.0,6555.0,7490.0,Salaried,59.0,Married,1.0,598.0,1.0,0.23,2038.0,34044.0,2091.0,48.0,Car,Semiurban,Graduate,Female,Private,No
230.0,11146.0,1218.0,Salaried,,Married,0.0,591.0,1.0,0.34,14411.0,28883.0,8250.0,24.0,Home,Rural,Graduate,Male,Self,No
231.0,10050.0,5016.0,Salaried,49.0,Married,2.0,753.0,2.0,0.28,5109.0,15063.0,24236.0,48.0,Home,Rural,Graduate,Female,Private,Yes
232.0,14757.0,6881.0,Salaried,58.0,Single,1.0,790.0,4.0,0.56,10312.0,34649.0,17432.0,24.0,Personal,Rural,Graduate,Female,Government,Yes
233.0,19429.0,954.0,Contract,40.0,Single,0.0,777.0,1.0,0.28,11737.0,35828.0,33554.0,36.0,Home,Rural,Not Graduate,Male,Self,
234.0,8893.0,7291.0,,47.0,Married,0.0,743.0,,0.29,10336.0,48445.0,35624.0,12.0,Car,Semiurban,Graduate,Male,Private,No
235.0,16373.0,974.0,Salaried,40.0,Married,0.0,560.0,0.0,0.29,6748.0,40470.0,38264.0,12.0,Home,Urban,Not Graduate,Female,Unemployed,No
236.0,,4133.0,Self-employed,39.0,Married,1.0,,2.0,0.52,11309.0,10429.0,34917.0,84.0,Car,Rural,Graduate,Male,Government,No
237.0,5436.0,5370.0,Salaried,40.0,Married,1.0,647.0,0.0,0.43,6848.0,49621.0,24660.0,72.0,Home,,Not Graduate,Male,Private,No
238.0,10754.0,3972.0,Contract,55.0,Married,1.0,767.0,4.0,0.41,5659.0,33926.0,22697.0,72.0,Education,Rural,Graduate,Female,Private,No
239.0,12677.0,5295.0,Salaried,22.0,,1.0,695.0,3.0,0.27,3887.0,49764.0,24416.0,60.0,Business,Semiurban,Not Graduate,Male,MNC,No
240.0,7895.0,8228.0,,50.0,Married,2.0,634.0,2.0,0.51,3454.0,38997.0,8786.0,36.0,Education,Semiurban,Not Graduate,Male,Private,No
241.0,18609.0,3020.0,Self-employed,54.0,Married,0.0,,3.0,0.12,5979.0,41724.0,9930.0,84.0,Car,,Graduate,Male,Self,Yes
242.0,17636.0,8987.0,Salaried,42.0,Married,0.0,653.0,2.0,0.54,18229.0,33269.0,14913.0,72.0,Car,Semiurban,Graduate,Female,Self,No
243.0,9022.0,4036.0,Self-employed,23.0,Single,1.0,729.0,4.0,0.36,3753.0,32704.0,2928.0,24.0,Car,Urban,Graduate,,MNC,Yes
244.0,11151.0,5068.0,Salaried,26.0,Single,1.0,595.0,3.0,0.3,,29391.0,38080.0,36.0,Home,Urban,Graduate,Male,Self,No
245.0,7600.0,5233.0,Contract,35.0,Single,0.0,593.0,4.0,0.35,13145.0,25187.0,,12.0,Business,Semiurban,Graduate,Male,Government,No
246.0,9996.0,317.0,Salaried,47.0,Single,0.0,571.0,2.0,0.43,,,2957.0,24.0,Car,Semiurban,Graduate,Male,MNC,No
247.0,11007.0,2396.0,Salaried,30.0,Married,0.0,730.0,0.0,0.11,5102.0,3526.0,21403.0,84.0,Car,Urban,Not Graduate,,Unemployed,Yes
248.0,14946.0,2162.0,Self-employed,29.0,Married,1.0,736.0,2.0,0.54,13518.0,25686.0,18730.0,84.0,Personal,Rural,Not Graduate,Female,Self,Yes
,6642.0,2745.0,Salaried,53.0,Single,0.0,771.0,0.0,0.32,8705.0,8803.0,1352.0,36.0,Car,Rural,Graduate,Male,Private,
250.0,13312.0,1591.0,Salaried,52.0,Married,,663.0,2.0,0.27,146.0,33668.0,,12.0,Education,,Graduate,Female,Private,No
251.0,9679.0,6183.0,Self-employed,26.0,Married,2.0,784.0,1.0,0.17,6343.0,7574.0,11072.0,72.0,Car,Semiurban,Not Graduate,Female,Government,Yes
252.0,10208.0,3930.0,Contract,56.0,Married,0.0,674.0,2.0,0.32,16143.0,9733.0,28728.0,24.0,Personal,Rural,Graduate,Female,Government,
253.0,12716.0,1312.0,Salaried,22.0,Married,3.0,,0.0,0.35,15601.0,8257.0,,24.0,Car,Urban,Graduate,Male,,No
254.0,19453.0,4311.0,Contract,49.0,Married,1.0,579.0,0.0,0.3,17855.0,37051.0,21010.0,12.0,Education,Semiurban,Graduate,Male,Private,No
255.0,5444.0,7314.0,Unemployed,24.0,Married,1.0,557.0,1.0,0.44,7475.0,16909.0,37483.0,24.0,Car,Urban,Not Graduate,Female,Government,No
256.0,12757.0,2383.0,Contract,21.0,Single,2.0,,4.0,0.31,15991.0,25146.0,27107.0,72.0,Personal,,Not Graduate,Male,Private,No
257.0,16434.0,3239.0,Salaried,39.0,Married,2.0,606.0,1.0,0.58,15565.0,12802.0,13160.0,72.0,Home,Semiurban,Graduate,Male,Private,No
258.0,3060.0,2139.0,Self-employed,46.0,Married,1.0,660.0,1.0,0.4,1545.0,8896.0,39901.0,72.0,Business,,Not Graduate,Male,Private,No
259.0,5420.0,1704.0,Salaried,45.0,Married,1.0,622.0,3.0,0.5,9336.0,29133.0,24504.0,12.0,Car,Urban,Graduate,Female,Self,No
260.0,2301.0,6924.0,Unemployed,30.0,Married,0.0,664.0,2.0,0.15,3663.0,14526.0,32051.0,48.0,Car,Urban,Not Graduate,Male,Government,No
261.0,14468.0,362.0,Salaried,35.0,Married,0.0,,1.0,0.3,15097.0,12278.0,30628.0,48.0,Education,Semiurban,Graduate,Male,Private,No
262.0,18990.0,2604.0,Salaried,42.0,Married,0.0,781.0,1.0,0.27,8058.0,47010.0,29499.0,84.0,Education,Semiurban,,Male,Private,Yes
263.0,2699.0,4286.0,Self-employed,41.0,Married,0.0,574.0,0.0,0.38,10960.0,26551.0,3688.0,84.0,Car,Semiurban,Graduate,Female,,No
264.0,2190.0,3738.0,Salaried,42.0,Married,0.0,568.0,4.0,0.53,15432.0,26298.0,35905.0,24.0,Business,Urban,Graduate,Male,Self,No
265.0,12492.0,2469.0,Unemployed,56.0,Married,0.0,554.0,0.0,0.14,7709.0,36338.0,,72.0,Home,Semiurban,Graduate,Male,Self,No
266.0,19364.0,4795.0,Unemployed,54.0,Married,2.0,624.0,1.0,0.14,12013.0,23191.0,24481.0,24.0,Business,Urban,Graduate,Male,Private,Yes
267.0,4975.0,6150.0,Self-employed,50.0,,2.0,756.0,0.0,0.53,18207.0,34092.0,28024.0,12.0,Personal,Urban,Graduate,Male,Private,No
268.0,8102.0,556.0,Salaried,45.0,Married,3.0,677.0,0.0,0.21,,,4703.0,,Personal,Semiurban,Not Graduate,Male,Unemployed,Yes
269.0,19568.0,2808.0,Self-employed,48.0,Married,1.0,621.0,3.0,0.43,5878.0,10721.0,4763.0,60.0,,Semiurban,Not Graduate,Male,Private,No
270.0,3816.0,5150.0,Salaried,21.0,Single,2.0,760.0,0.0,0.37,3918.0,39413.0,14680.0,48.0,Business,Urban,Graduate,Female,Government,Yes
271.0,2569.0,,Salaried,24.0,Married,2.0,764.0,,0.52,18741.0,31279.0,37913.0,,Car,Urban,Not Graduate,Male,Private,No
,7442.0,2719.0,Contract,27.0,Married,1.0,704.0,1.0,0.16,1566.0,15404.0,21656.0,24.0,Business,Semiurban,Graduate,Female,Private,Yes
273.0,3895.0,6506.0,Salaried,29.0,Married,0.0,589.0,0.0,0.16,8487.0,5486.0,33515.0,36.0,Home,Urban,Not Graduate,Male,Private,No
,5863.0,3741.0,Salaried,56.0,Single,3.0,773.0,0.0,0.38,7615.0,36198.0,,24.0,Business,Urban,Graduate,Male,Government,No
275.0,14913.0,3998.0,Unemployed,39.0,Single,1.0,575.0,3.0,0.57,4315.0,29687.0,20245.0,60.0,Personal,Semiurban,Graduate,Male,Private,No
276.0,9455.0,2403.0,Salaried,21.0,Single,1.0,576.0,,0.31,7056.0,,26061.0,48.0,Home,Urban,Graduate,Male,Private,No
277.0,6014.0,8780.0,Salaried,30.0,Single,0.0,739.0,4.0,0.26,16563.0,1567.0,37818.0,36.0,Personal,Urban,Not Graduate,,Private,No
278.0,13093.0,294.0,Unemployed,56.0,Married,0.0,632.0,3.0,0.4,4471.0,3179.0,36682.0,12.0,Personal,,Graduate,Male,Private,No
279.0,5009.0,5343.0,Salaried,29.0,Single,2.0,,2.0,0.57,18796.0,3019.0,10653.0,84.0,Personal,,Graduate,Female,Private,No
280.0,18538.0,1136.0,Contract,52.0,Married,1.0,727.0,0.0,0.52,1106.0,16919.0,21842.0,12.0,Car,Semiurban,Graduate,Male,Private,No
281.0,12729.0,2064.0,Unemployed,52.0,Married,0.0,719.0,3.0,0.6,6992.0,20703.0,22188.0,48.0,Car,Semiurban,Graduate,,Private,No
282.0,3409.0,7009.0,Unemployed,26.0,Married,0.0,706.0,3.0,0.11,16460.0,19704.0,14237.0,,Business,Semiurban,Graduate,Male,Self,Yes
283.0,14249.0,4543.0,Self-employed,58.0,Married,1.0,716.0,3.0,0.16,7936.0,19030.0,38025.0,12.0,Car,Rural,Not Graduate,Male,Government,Yes
284.0,2784.0,1007.0,Salaried,37.0,Single,1.0,737.0,,,6440.0,4909.0,19110.0,60.0,Car,Semiurban,Graduate,Male,Private,No
285.0,10096.0,5445.0,Salaried,30.0,,0.0,718.0,0.0,0.51,3741.0,9015.0,2454.0,24.0,Personal,Urban,Graduate,,Private,No
286.0,9560.0,5352.0,Contract,47.0,Single,2.0,582.0,3.0,0.24,13082.0,4420.0,39396.0,48.0,Home,Semiurban,Graduate,Male,Government,No
287.0,14533.0,1435.0,Contract,55.0,Married,0.0,760.0,3.0,0.22,3130.0,48653.0,21029.0,84.0,Personal,Semiurban,Not Graduate,Male,Private,Yes
288.0,9343.0,571.0,Salaried,41.0,Married,0.0,778.0,4.0,0.49,2101.0,17740.0,6390.0,36.0,Personal,Semiurban,Graduate,Male,Private,Yes
,9206.0,2382.0,,45.0,Married,2.0,760.0,0.0,0.13,3111.0,41253.0,24502.0,24.0,Personal,Semiurban,Graduate,Male,Self,Yes
290.0,7801.0,5084.0,Salaried,48.0,Married,0.0,646.0,0.0,0.28,16989.0,31328.0,26717.0,12.0,Car,Rural,Graduate,Male,MNC,No
291.0,18921.0,277.0,Salaried,35.0,Single,2.0,660.0,0.0,0.35,141.0,20465.0,21615.0,12.0,Car,Semiurban,Graduate,Male,Government,No
292.0,7986.0,7059.0,Self-employed,24.0,Married,2.0,565.0,3.0,0.38,19516.0,5131.0,3481.0,36.0,Car,Urban,Graduate,Male,Private,No
293.0,12647.0,1887.0,,49.0,,2.0,572.0,0.0,0.46,15945.0,11652.0,7943.0,60.0,Business,Urban,Not Graduate,Male,MNC,No
294.0,10716.0,1265.0,Unemployed,29.0,Single,0.0,684.0,0.0,0.28,16472.0,22507.0,23495.0,36.0,Home,Semiurban,Graduate,Male,Private,Yes
,14323.0,7491.0,Self-employed,47.0,Married,0.0,575.0,4.0,0.41,,48147.0,10126.0,48.0,Education,Urban,Graduate,Male,Unemployed,No
296.0,6780.0,1040.0,Salaried,,Single,0.0,645.0,0.0,0.39,4332.0,48671.0,30504.0,36.0,Personal,Urban,Graduate,Male,Private,No
297.0,4368.0,8073.0,Self-employed,39.0,Married,1.0,561.0,3.0,0.37,6053.0,49681.0,,12.0,Education,Urban,Graduate,Male,Private,No
298.0,14039.0,2752.0,,48.0,Married,2.0,621.0,1.0,0.42,8745.0,24806.0,34654.0,60.0,Car,,,Male,Government,No
299.0,,8213.0,Self-employed,,Married,,682.0,3.0,0.23,1550.0,20171.0,13597.0,60.0,Car,Rural,Graduate,Male,MNC,Yes
300.0,10173.0,4569.0,Self-employed,40.0,Married,2.0,655.0,2.0,0.14,,21593.0,1878.0,,Education,Urban,Not Graduate,Male,MNC,Yes
301.0,6495.0,6353.0,Contract,59.0,Married,3.0,769.0,4.0,0.16,2484.0,10470.0,28699.0,36.0,Home,Urban,Graduate,,Government,Yes
302.0,12893.0,,Contract,43.0,Single,2.0,666.0,4.0,0.21,15377.0,45308.0,4070.0,48.0,Home,Urban,Not Graduate,Female,,No
303.0,15403.0,7437.0,Salaried,,Single,0.0,746.0,0.0,0.35,3560.0,22326.0,13201.0,12.0,Car,Semiurban,Graduate,Male,Government,Yes
304.0,15121.0,4799.0,,53.0,Single,0.0,726.0,0.0,0.52,17205.0,5597.0,3697.0,24.0,Education,Urban,Graduate,Female,Self,No
305.0,12966.0,686.0,Self-employed,25.0,,2.0,575.0,1.0,0.45,10781.0,38304.0,39061.0,60.0,Personal,Semiurban,Graduate,Male,Unemployed,
306.0,2853.0,8476.0,Salaried,54.0,Married,0.0,682.0,2.0,0.49,12507.0,31788.0,22847.0,36.0,Personal,Urban,Not Graduate,Male,Private,No
307.0,18958.0,4811.0,Salaried,31.0,Married,0.0,571.0,3.0,0.28,18228.0,43725.0,18012.0,72.0,Business,Semiurban,Graduate,Female,Private,No
308.0,19532.0,8954.0,Salaried,23.0,Married,1.0,756.0,1.0,0.3,13026.0,37930.0,35655.0,48.0,Car,Rural,Not Graduate,Female,MNC,
309.0,11907.0,5346.0,Self-employed,53.0,Single,2.0,562.0,2.0,0.3,10372.0,34071.0,12361.0,48.0,Business,Urban,Graduate,Female,MNC,No
310.0,6777.0,5043.0,Salaried,,Married,0.0,705.0,0.0,0.2,6552.0,6067.0,8204.0,84.0,Car,Semiurban,Not Graduate,Male,Private,No
311.0,,2428.0,Self-employed,36.0,Married,2.0,710.0,3.0,0.13,,6024.0,22785.0,12.0,Business,Semiurban,Graduate,Male,Private,Yes
312.0,4491.0,5126.0,Unemployed,,Married,,656.0,4.0,0.4,16425.0,8715.0,1259.0,60.0,,Rural,Graduate,Male,MNC,No
313.0,17328.0,8220.0,Salaried,50.0,Single,1.0,572.0,1.0,0.59,16707.0,32770.0,33803.0,12.0,Car,Semiurban,Graduate,Male,Government,No
314.0,16599.0,7813.0,Salaried,30.0,Married,0.0,646.0,1.0,0.18,4140.0,12226.0,30820.0,,Personal,Semiurban,Graduate,Male,Government,Yes
315.0,5051.0,3356.0,Salaried,38.0,Married,0.0,784.0,0.0,0.12,17567.0,36399.0,14932.0,24.0,,Rural,Graduate,Female,Private,Yes
316.0,17979.0,8707.0,Contract,58.0,Married,2.0,567.0,2.0,0.49,15350.0,14412.0,6782.0,24.0,Personal,Semiurban,Graduate,Male,MNC,No
317.0,18388.0,7266.0,Salaried,39.0,Married,2.0,791.0,,0.23,7696.0,48805.0,29405.0,24.0,Car,Urban,Graduate,Male,Private,Yes
318.0,2876.0,6540.0,Salaried,56.0,Married,2.0,666.0,0.0,0.51,3082.0,45415.0,11262.0,48.0,Home,Urban,Graduate,Male,Private,No
319.0,6142.0,38.0,Salaried,33.0,,1.0,579.0,1.0,0.45,18107.0,13569.0,4530.0,60.0,Personal,Semiurban,Graduate,Male,,No
320.0,17202.0,3342.0,Contract,23.0,Single,0.0,575.0,1.0,0.57,18246.0,3369.0,,12.0,Personal,Rural,Graduate,Male,MNC,No
321.0,8966.0,2844.0,Salaried,30.0,Married,0.0,693.0,2.0,0.3,849.0,45427.0,23281.0,12.0,Home,Rural,Graduate,Female,,No
322.0,9079.0,1098.0,,58.0,Single,2.0,754.0,2.0,0.43,5756.0,33021.0,11765.0,72.0,Personal,Rural,Graduate,Male,Self,No
323.0,9987.0,7027.0,Unemployed,21.0,Single,0.0,588.0,0.0,0.33,15830.0,1528.0,30598.0,24.0,Car,Rural,Graduate,Male,Private,No
324.0,8799.0,1823.0,Salaried,47.0,Single,0.0,710.0,3.0,0.42,3261.0,44270.0,9091.0,60.0,Car,Semiurban,Not Graduate,Female,MNC,No
325.0,6465.0,3155.0,Contract,28.0,Married,1.0,703.0,3.0,0.32,9617.0,31314.0,19021.0,60.0,Car,Rural,Graduate,Female,Self,Yes
326.0,19019.0,3093.0,Salaried,37.0,Married,0.0,725.0,1.0,0.19,8597.0,38443.0,,72.0,Education,Semiurban,Graduate,Female,Self,Yes
327.0,15417.0,5658.0,Contract,29.0,Single,0.0,742.0,0.0,0.35,17011.0,19047.0,5329.0,36.0,Personal,Semiurban,Graduate,,MNC,No
328.0,10311.0,3778.0,Self-employed,26.0,Single,1.0,790.0,3.0,0.36,4811.0,,29685.0,60.0,Car,Urban,Graduate,Male,Private,Yes
329.0,19214.0,2896.0,Contract,45.0,Married,0.0,715.0,4.0,0.51,3064.0,36109.0,36236.0,60.0,Personal,Urban,Graduate,Female,Government,
330.0,16098.0,988.0,Salaried,59.0,Single,0.0,679.0,0.0,0.47,17642.0,14919.0,3030.0,12.0,Business,,Graduate,Male,MNC,No
331.0,7177.0,4116.0,Salaried,,Married,,662.0,1.0,0.43,11367.0,48498.0,11251.0,72.0,Car,Semiurban,Graduate,Female,Self,No
332.0,16262.0,,Salaried,53.0,Married,2.0,683.0,0.0,0.16,16517.0,16256.0,36583.0,60.0,Business,Urban,Graduate,Female,Government,No
,10308.0,4179.0,Salaried,57.0,Married,0.0,595.0,2.0,0.46,15660.0,5905.0,27382.0,60.0,Home,Urban,Not Graduate,Male,Private,No
334.0,7949.0,1682.0,Salaried,29.0,Married,,599.0,,,18877.0,49307.0,17367.0,12.0,Business,Rural,Graduate,,Self,No
335.0,3150.0,5626.0,Salaried,38.0,,0.0,715.0,1.0,0.55,6265.0,49023.0,11361.0,60.0,Personal,Semiurban,,,Government,No
336.0,3931.0,7424.0,Salaried,41.0,Single,1.0,655.0,2.0,0.56,5461.0,9884.0,26171.0,12.0,Home,Semiurban,Graduate,Female,Private,No
337.0,11204.0,933.0,Salaried,22.0,Married,2.0,765.0,2.0,0.13,13475.0,29906.0,15050.0,36.0,Car,Semiurban,Graduate,Male,MNC,Yes
,3081.0,3598.0,Contract,58.0,Married,2.0,695.0,1.0,0.51,13268.0,42911.0,17123.0,48.0,Education,Semiurban,Not Graduate,Female,Private,No
339.0,18896.0,1980.0,Salaried,56.0,Married,2.0,704.0,1.0,0.12,3663.0,6950.0,3868.0,84.0,Business,Urban,Graduate,Male,Private,Yes
340.0,15407.0,3056.0,Salaried,57.0,Married,0.0,,2.0,0.28,10629.0,2360.0,19635.0,12.0,Personal,Semiurban,Graduate,Male,Self,Yes
341.0,9805.0,8984.0,Salaried,35.0,Married,0.0,621.0,0.0,0.37,12813.0,38895.0,5191.0,12.0,Home,Rural,Not Graduate,Female,Government,No
342.0,7237.0,791.0,Salaried,48.0,Single,2.0,769.0,0.0,0.17,17022.0,22946.0,35938.0,60.0,Car,Urban,Graduate,Male,Private,Yes
343.0,18943.0,5390.0,Unemployed,38.0,Single,0.0,623.0,3.0,0.47,7701.0,48020.0,26935.0,12.0,Car,Urban,Not Graduate,Male,Private,No
344.0,14775.0,6635.0,Salaried,54.0,Single,0.0,566.0,0.0,0.1,17927.0,9730.0,7844.0,72.0,Home,Urban,Not Graduate,Male,Private,No
345.0,,,Self-employed,42.0,Single,2.0,796.0,3.0,0.18,10330.0,23161.0,35669.0,24.0,Personal,Semiurban,Graduate,Female,Private,Yes
346.0,15184.0,3610.0,Unemployed,31.0,Married,2.0,739.0,4.0,0.39,9770.0,28738.0,26145.0,24.0,Education,Urban,Graduate,Female,Private,
347.0,5343.0,1607.0,Contract,33.0,Married,2.0,706.0,1.0,0.46,14363.0,4925.0,9406.0,36.0,Personal,Semiurban,Graduate,Female,Private,No
348.0,15500.0,5179.0,Self-employed,24.0,Married,0.0,735.0,1.0,0.56,18645.0,9463.0,20339.0,12.0,Home,Semiurban,Graduate,Female,Private,No
349.0,11662.0,6573.0,Contract,42.0,Married,2.0,619.0,2.0,0.45,9768.0,,1321.0,72.0,Personal,Rural,Graduate,Male,Government,No
350.0,18964.0,984.0,Unemployed,27.0,Single,0.0,755.0,3.0,0.44,13401.0,23402.0,36858.0,60.0,Education,Semiurban,Graduate,Male,MNC,No
351.0,17125.0,5776.0,Self-employed,44.0,Married,0.0,699.0,4.0,0.3,8231.0,35010.0,31558.0,60.0,Business,Urban,Not Graduate,Male,Government,No
352.0,,3676.0,Self-employed,24.0,Married,1.0,795.0,3.0,0.1,16181.0,26717.0,8259.0,84.0,Personal,,Graduate,Male,Self,Yes
353.0,3679.0,3380.0,Self-employed,48.0,Single,0.0,555.0,0.0,0.16,6115.0,42552.0,7626.0,48.0,Education,Semiurban,Graduate,Male,Private,No
354.0,5506.0,8711.0,Salaried,35.0,Single,0.0,575.0,2.0,0.37,11249.0,10797.0,,36.0,Business,Urban,Graduate,Male,Self,No
355.0,15284.0,8782.0,Self-employed,21.0,Single,2.0,716.0,1.0,,12777.0,21594.0,20091.0,72.0,Home,Semiurban,Not Graduate,Male,Government,No
356.0,9253.0,1050.0,Salaried,23.0,,0.0,689.0,1.0,0.31,8549.0,7406.0,34058.0,,Car,Rural,Graduate,Male,Government,No
357.0,11435.0,3633.0,Salaried,34.0,Married,0.0,648.0,0.0,0.47,2658.0,14965.0,6286.0,84.0,Education,Urban,Graduate,Female,Private,No
358.0,13310.0,6342.0,Salaried,58.0,Married,0.0,691.0,0.0,0.36,10380.0,14733.0,8346.0,84.0,Personal,Semiurban,Not Graduate,Female,Private,No
359.0,15296.0,959.0,Salaried,21.0,Married,1.0,571.0,3.0,0.14,15265.0,27926.0,12568.0,60.0,Home,Rural,Not Graduate,Male,Government,No
360.0,15245.0,6059.0,Salaried,58.0,,1.0,600.0,1.0,0.2,9172.0,29783.0,32355.0,48.0,Personal,Semiurban,Not Graduate,Female,Private,No
361.0,13151.0,8884.0,Salaried,58.0,Married,,700.0,1.0,0.52,3934.0,18824.0,12588.0,,Personal,Semiurban,,Female,MNC,No
362.0,12457.0,5655.0,Self-employed,41.0,Single,2.0,725.0,1.0,0.46,15512.0,37394.0,22424.0,48.0,Education,Urban,Graduate,Male,Private,No
363.0,4479.0,4473.0,Salaried,49.0,Married,1.0,748.0,3.0,0.55,,43842.0,21449.0,24.0,Car,Urban,Graduate,Male,Private,Yes
364.0,6452.0,2946.0,Contract,,Single,2.0,653.0,3.0,0.16,,29287.0,,72.0,Personal,Semiurban,Graduate,Male,Government,No
365.0,7881.0,7725.0,Salaried,30.0,Single,0.0,727.0,1.0,0.6,5405.0,17568.0,21677.0,84.0,Education,Semiurban,Graduate,Male,MNC,No
366.0,16069.0,526.0,Salaried,48.0,Married,0.0,638.0,0.0,0.2,9708.0,31436.0,19243.0,24.0,Car,Rural,Graduate,Female,Private,Yes
367.0,,3224.0,Self-employed,41.0,Single,,690.0,1.0,0.11,3888.0,22380.0,8401.0,60.0,Home,Urban,Graduate,Female,Government,Yes
368.0,,1875.0,Self-employed,27.0,Married,0.0,762.0,4.0,0.6,13519.0,25796.0,7877.0,36.0,Education,Semiurban,Not Graduate,Female,Private,No
369.0,13922.0,1763.0,Salaried,23.0,Married,3.0,782.0,2.0,0.24,3997.0,,27267.0,12.0,Personal,Urban,Graduate,Male,Government,No
370.0,4489.0,8712.0,Contract,40.0,Single,1.0,687.0,2.0,0.43,10285.0,22947.0,10502.0,36.0,Personal,Urban,,Female,Self,No
371.0,11823.0,5797.0,Contract,39.0,Married,2.0,794.0,2.0,0.19,8619.0,4188.0,15619.0,36.0,Personal,Semiurban,,Male,,Yes
372.0,,7099.0,,55.0,Single,1.0,732.0,,0.39,2494.0,26669.0,18442.0,,,Urban,Not Graduate,Female,Private,Yes
373.0,11540.0,5109.0,Salaried,24.0,Married,1.0,558.0,3.0,,7509.0,36713.0,28216.0,72.0,Education,Urban,Graduate,Male,Private,No
374.0,18364.0,6644.0,Unemployed,25.0,Married,0.0,628.0,2.0,,10575.0,32813.0,,,Car,Urban,,Male,Government,No
375.0,6611.0,116.0,Self-employed,21.0,Married,2.0,601.0,0.0,0.44,11342.0,7765.0,11401.0,24.0,Car,Urban,Graduate,Male,Private,No
376.0,7878.0,2433.0,Salaried,24.0,Married,1.0,679.0,0.0,0.19,10602.0,24171.0,12707.0,72.0,Home,Rural,Graduate,Female,Self,Yes
377.0,18347.0,5463.0,Contract,32.0,Married,,702.0,,0.41,7212.0,11807.0,16240.0,12.0,Car,Rural,Graduate,Male,Government,Yes
378.0,2851.0,583.0,Salaried,47.0,Single,,,4.0,,7696.0,11204.0,17708.0,48.0,Business,Urban,Not Graduate,Male,Private,No
379.0,8833.0,8586.0,Salaried,43.0,Single,0.0,775.0,1.0,0.21,3663.0,28066.0,,36.0,Business,,Not Graduate,Female,Unemployed,Yes
380.0,13938.0,3788.0,Salaried,45.0,Single,,600.0,3.0,0.26,4394.0,43120.0,19276.0,60.0,Education,Semiurban,Not Graduate,Female,Private,No
381.0,,4167.0,Contract,41.0,Married,1.0,735.0,3.0,0.19,6783.0,38367.0,28393.0,24.0,Car,Rural,Graduate,Male,MNC,Yes
382.0,6000.0,8465.0,Self-employed,44.0,Single,2.0,,0.0,0.55,9988.0,23658.0,22234.0,72.0,Business,Urban,Not Graduate,Female,Unemployed,No
383.0,7052.0,1389.0,Self-employed,45.0,Single,0.0,584.0,0.0,0.3,13847.0,38081.0,12952.0,60.0,Personal,Semiurban,Not Graduate,Male,Self,No
384.0,4738.0,8357.0,Salaried,52.0,Single,2.0,779.0,0.0,0.22,16541.0,35986.0,1809.0,84.0,Business,Rural,Not Graduate,Male,Private,Yes
385.0,7387.0,6154.0,Salaried,52.0,Married,,680.0,3.0,0.32,116.0,14786.0,7801.0,12.0,Business,Urban,Graduate,,MNC,Yes
386.0,10002.0,5420.0,,25.0,Single,1.0,783.0,0.0,0.26,16767.0,30283.0,37797.0,60.0,Car,Rural,Graduate,Male,Self,No
387.0,7536.0,8920.0,Self-employed,56.0,Single,2.0,669.0,1.0,,10249.0,1056.0,39136.0,60.0,Car,Rural,Graduate,Male,Private,No
388.0,,2043.0,Salaried,59.0,Married,0.0,736.0,2.0,0.59,12533.0,46301.0,37190.0,36.0,Car,Rural,Not Graduate,Male,Private,No
389.0,5913.0,4197.0,Salaried,36.0,Single,1.0,619.0,3.0,0.32,15544.0,33911.0,28047.0,12.0,Personal,Urban,Graduate,Male,Private,
390.0,19450.0,3496.0,Contract,53.0,Married,3.0,796.0,0.0,0.53,7275.0,40986.0,27442.0,60.0,Education,Urban,Graduate,Female,MNC,No
391.0,12636.0,778.0,Salaried,41.0,Married,2.0,725.0,1.0,0.38,12999.0,9559.0,18373.0,24.0,Home,Urban,Not Graduate,Female,Unemployed,No
392.0,7726.0,213.0,Unemployed,29.0,Married,1.0,741.0,1.0,0.18,4021.0,27058.0,30805.0,12.0,Home,Rural,Graduate,Male,MNC,No
393.0,5373.0,3762.0,Salaried,26.0,Married,1.0,,2.0,0.45,6122.0,,21636.0,24.0,Home,Urban,Graduate,Male,Self,
394.0,14161.0,6731.0,Self-employed,55.0,Married,0.0,696.0,3.0,0.36,11275.0,1615.0,29380.0,72.0,Business,Semiurban,Not Graduate,Male,Government,
395.0,4082.0,3117.0,Salaried,59.0,Single,1.0,616.0,0.0,,14655.0,9062.0,14204.0,72.0,Car,Semiurban,Not Graduate,Female,Private,No
396.0,18281.0,5791.0,Unemployed,42.0,Married,2.0,759.0,3.0,0.54,13929.0,29214.0,12228.0,84.0,Home,Urban,Graduate,Male,Private,No
397.0,,,Salaried,25.0,Single,2.0,652.0,2.0,0.32,1590.0,45288.0,8263.0,48.0,Car,Urban,,Male,Private,No
398.0,11817.0,2720.0,Salaried,43.0,Single,0.0,622.0,2.0,0.55,13342.0,39745.0,5384.0,72.0,Personal,Semiurban,Graduate,Male,Government,No
399.0,13261.0,8905.0,Salaried,37.0,Married,0.0,665.0,2.0,0.48,7108.0,45187.0,9065.0,60.0,Personal,Rural,Graduate,Male,MNC,No
400.0,2417.0,6047.0,Salaried,32.0,Single,0.0,753.0,1.0,0.34,17727.0,43548.0,,12.0,Business,Urban,Graduate,Male,MNC,No
401.0,10808.0,8032.0,Salaried,43.0,Single,0.0,682.0,0.0,0.4,8770.0,11681.0,39198.0,72.0,,Rural,,Female,Private,No
402.0,,1.0,Unemployed,36.0,Single,0.0,616.0,2.0,0.26,6190.0,7984.0,16413.0,24.0,Personal,,Graduate,Female,Self,No
403.0,19209.0,6368.0,Salaried,23.0,Single,1.0,688.0,2.0,0.59,7939.0,28579.0,34070.0,60.0,Home,Semiurban,Graduate,Male,Government,
404.0,7745.0,,Contract,50.0,Single,0.0,670.0,2.0,0.43,12594.0,26274.0,4210.0,72.0,Home,Semiurban,,Male,Government,No
405.0,13338.0,6732.0,Self-employed,42.0,Single,0.0,643.0,1.0,,,38739.0,26466.0,36.0,Personal,Urban,Graduate,Female,Self,
406.0,2412.0,7833.0,Self-employed,29.0,Married,1.0,745.0,4.0,0.26,2565.0,,,24.0,Car,Semiurban,Not Graduate,Male,Private,Yes
407.0,9543.0,917.0,Salaried,49.0,Single,0.0,746.0,2.0,,3529.0,32481.0,,84.0,Personal,Rural,Graduate,Male,MNC,No
408.0,9587.0,3174.0,Salaried,57.0,Single,0.0,678.0,0.0,0.13,18708.0,1944.0,15530.0,,Home,Urban,Graduate,Female,Self,No
409.0,2728.0,7014.0,Contract,43.0,Married,,,1.0,0.11,16019.0,29457.0,6325.0,84.0,Home,Semiurban,Not Graduate,Female,,Yes
410.0,13657.0,89.0,Unemployed,33.0,Married,0.0,641.0,3.0,0.33,19108.0,10114.0,32832.0,24.0,Education,Urban,Not Graduate,Male,Private,No
411.0,7988.0,,Salaried,52.0,Single,1.0,612.0,,0.27,320.0,40846.0,28423.0,84.0,,Semiurban,Graduate,Male,Private,No
412.0,4967.0,3041.0,,43.0,Married,0.0,578.0,1.0,0.32,1567.0,19130.0,20295.0,48.0,Business,Semiurban,Graduate,Female,Private,No
413.0,16527.0,105.0,Salaried,37.0,Single,2.0,759.0,3.0,0.23,4721.0,13312.0,18120.0,36.0,Business,Semiurban,Graduate,Female,Self,Yes
414.0,18048.0,8619.0,Unemployed,41.0,Married,3.0,561.0,1.0,0.18,10367.0,33596.0,19562.0,48.0,Personal,Urban,Not Graduate,Female,MNC,No
415.0,19506.0,,Salaried,22.0,Married,2.0,626.0,1.0,0.44,5495.0,39551.0,11789.0,72.0,Business,Rural,Not Graduate,Female,Private,
416.0,19955.0,6090.0,Salaried,57.0,Married,1.0,590.0,,,8663.0,10751.0,16472.0,36.0,Personal,Urban,Graduate,Male,Self,Yes
417.0,7073.0,,Contract,26.0,Married,2.0,679.0,3.0,0.2,19625.0,7907.0,4995.0,24.0,Home,Semiurban,,Male,Government,Yes
418.0,7104.0,6082.0,Salaried,38.0,Single,2.0,586.0,2.0,0.26,16041.0,29114.0,,48.0,Car,Semiurban,Graduate,Male,Private,No
419.0,4143.0,634.0,Salaried,,Single,0.0,722.0,3.0,0.4,1925.0,,12591.0,60.0,Personal,Rural,Graduate,Male,Self,No
420.0,9357.0,1925.0,Self-employed,42.0,Single,0.0,757.0,0.0,0.14,6223.0,20310.0,32906.0,36.0,Car,Urban,Graduate,Male,Self,Yes
421.0,14043.0,2056.0,Unemployed,53.0,Married,2.0,725.0,3.0,0.17,5871.0,36725.0,37196.0,24.0,Car,,Graduate,Male,Private,Yes
422.0,5440.0,6917.0,Salaried,50.0,Married,0.0,573.0,1.0,0.14,17171.0,19996.0,34277.0,12.0,Car,Urban,Graduate,Female,Private,No
423.0,7644.0,3144.0,Salaried,37.0,Single,0.0,648.0,0.0,0.51,9539.0,7047.0,1962.0,36.0,Home,Semiurban,Not Graduate,Female,Government,No
424.0,12518.0,552.0,Salaried,52.0,Single,,699.0,0.0,0.48,17062.0,40017.0,1037.0,36.0,Home,Semiurban,Graduate,Male,Private,
425.0,16552.0,8907.0,Salaried,34.0,Married,2.0,649.0,1.0,0.48,19780.0,29767.0,2143.0,72.0,Home,Rural,Graduate,Male,MNC,
426.0,4914.0,5383.0,Self-employed,30.0,Married,0.0,688.0,1.0,0.46,5855.0,,15001.0,60.0,Home,Semiurban,Not Graduate,Male,Government,No
427.0,15584.0,3911.0,Salaried,56.0,Married,1.0,796.0,,0.43,19565.0,37527.0,33337.0,72.0,Car,Rural,Not Graduate,Male,Private,No
428.0,,3389.0,Salaried,54.0,Single,0.0,607.0,,0.34,10235.0,25102.0,17175.0,84.0,Personal,Urban,Graduate,Female,Private,No
429.0,16397.0,8442.0,Salaried,29.0,Single,2.0,723.0,1.0,0.42,9069.0,5263.0,10823.0,36.0,,Rural,Graduate,Male,MNC,No
430.0,10787.0,2430.0,Self-employed,48.0,Married,0.0,578.0,2.0,0.12,10043.0,44049.0,30627.0,36.0,Education,Urban,Not Graduate,Male,Self,Yes
431.0,16191.0,458.0,Salaried,,Married,,712.0,1.0,0.41,16779.0,2902.0,22740.0,84.0,Business,Semiurban,Graduate,Male,Self,No
432.0,,207.0,Contract,34.0,Single,2.0,789.0,1.0,0.49,18661.0,31823.0,8013.0,60.0,Personal,Semiurban,Graduate,Female,Private,Yes
433.0,19749.0,899.0,Salaried,59.0,Married,1.0,795.0,3.0,,7297.0,31540.0,24433.0,60.0,Business,Semiurban,Graduate,Female,MNC,Yes
434.0,2698.0,21.0,Contract,39.0,Married,2.0,692.0,3.0,0.28,12739.0,36335.0,19055.0,48.0,Car,Urban,Graduate,Female,Private,Yes
435.0,,8601.0,Contract,35.0,Married,1.0,609.0,3.0,0.24,16117.0,11190.0,21572.0,24.0,Home,Semiurban,Graduate,Male,Self,Yes
,16512.0,894.0,Salaried,48.0,Married,0.0,644.0,1.0,0.42,15839.0,41843.0,22840.0,24.0,Education,Urban,Graduate,Male,MNC,No
437.0,15923.0,514.0,Salaried,44.0,Married,1.0,591.0,3.0,0.45,5978.0,28690.0,10013.0,48.0,Home,Urban,Graduate,Male,Private,No
438.0,18779.0,7294.0,Salaried,28.0,Single,0.0,782.0,0.0,0.54,14167.0,3994.0,,,Education,Urban,Graduate,Male,Government,No
439.0,9400.0,4904.0,Salaried,29.0,Single,0.0,592.0,0.0,0.27,15454.0,38997.0,16817.0,36.0,Personal,Semiurban,Not Graduate,Male,Private,No
440.0,6171.0,7867.0,Salaried,53.0,Single,0.0,757.0,1.0,0.48,10632.0,3010.0,12182.0,48.0,Car,Urban,Graduate,Male,Government,No
441.0,6360.0,4109.0,Salaried,53.0,Single,2.0,623.0,3.0,0.38,5676.0,8377.0,36107.0,48.0,Personal,,,Male,Private,No
442.0,4502.0,7179.0,Salaried,39.0,Married,3.0,726.0,0.0,0.54,,14036.0,14353.0,24.0,Personal,Urban,Not Graduate,,MNC,No
443.0,19101.0,1560.0,Contract,23.0,,3.0,741.0,0.0,0.36,384.0,27467.0,11768.0,12.0,Home,Urban,Graduate,Male,Private,Yes
444.0,7486.0,1266.0,Salaried,30.0,Married,1.0,709.0,0.0,0.36,12751.0,1048.0,6999.0,24.0,Car,Rural,Not Graduate,Male,Government,No
,10335.0,3638.0,Contract,21.0,Single,0.0,613.0,3.0,0.39,4856.0,37978.0,19910.0,72.0,Business,Rural,Not Graduate,Female,Unemployed,No
446.0,6491.0,8941.0,Salaried,49.0,Single,1.0,792.0,2.0,,,48606.0,1377.0,12.0,Personal,Urban,,Female,MNC,Yes
447.0,13130.0,3427.0,Contract,54.0,Married,2.0,551.0,1.0,0.58,8916.0,17038.0,4469.0,48.0,Home,Semiurban,Graduate,Male,Government,No
448.0,9651.0,4780.0,Self-employed,33.0,Married,0.0,701.0,2.0,,11375.0,33576.0,22019.0,12.0,Car,Semiurban,Not Graduate,Male,Government,Yes
449.0,3167.0,1927.0,Salaried,21.0,Married,3.0,764.0,2.0,0.13,10229.0,,37038.0,36.0,,Semiurban,Graduate,Female,Private,Yes
450.0,3062.0,2356.0,Self-employed,54.0,Married,0.0,615.0,2.0,0.57,,28609.0,18616.0,60.0,Personal,Semiurban,Graduate,Male,Private,No
451.0,13174.0,4790.0,,49.0,Married,3.0,715.0,0.0,0.36,5768.0,49115.0,6364.0,12.0,Personal,Urban,Not Graduate,Female,,No
452.0,6729.0,306.0,Salaried,33.0,Single,2.0,580.0,,0.41,10714.0,25070.0,11062.0,,Education,Semiurban,Not Graduate,Male,Private,No
453.0,11348.0,7979.0,Unemployed,49.0,Single,2.0,664.0,1.0,0.34,12737.0,,8765.0,60.0,Car,Urban,Not Graduate,Female,Private,No
,7334.0,3665.0,Salaried,,Married,0.0,781.0,2.0,0.15,4220.0,22996.0,30408.0,36.0,Personal,Urban,Graduate,Female,Private,Yes
455.0,10924.0,7057.0,Salaried,44.0,Married,0.0,575.0,0.0,0.48,2676.0,19161.0,23478.0,72.0,Business,Semiurban,Graduate,Female,Government,No
456.0,6330.0,661.0,Self-employed,46.0,Married,0.0,578.0,1.0,0.47,19042.0,47022.0,10414.0,84.0,Business,Semiurban,Graduate,Female,Private,No
457.0,8801.0,4644.0,Contract,37.0,Single,0.0,744.0,1.0,0.26,16544.0,41148.0,14701.0,,Car,Urban,Graduate,Male,Private,No
458.0,6846.0,8503.0,,27.0,Married,0.0,799.0,2.0,,9245.0,3228.0,35290.0,84.0,Home,,Graduate,Male,Private,No
459.0,8731.0,2920.0,Salaried,33.0,Married,1.0,627.0,0.0,0.52,,27365.0,23802.0,36.0,Business,Rural,Graduate,Male,Government,No
460.0,17368.0,8946.0,Self-employed,25.0,Married,1.0,574.0,3.0,0.14,14675.0,26188.0,15791.0,60.0,Car,Rural,Graduate,Male,Self,No
461.0,19337.0,6236.0,Salaried,46.0,Married,1.0,597.0,0.0,0.54,8502.0,43582.0,30542.0,60.0,Education,Semiurban,Graduate,Male,Government,No
462.0,4539.0,6078.0,Self-employed,23.0,Married,1.0,614.0,2.0,0.23,10415.0,9888.0,37710.0,24.0,Home,Semiurban,Graduate,Male,Unemployed,No
,9056.0,352.0,Unemployed,27.0,Single,0.0,730.0,3.0,0.4,12586.0,24130.0,16812.0,,Car,Semiurban,Graduate,Female,Private,No
464.0,13516.0,7005.0,,59.0,Married,,616.0,2.0,0.57,19798.0,40159.0,38014.0,72.0,Home,Urban,Not Graduate,Male,Private,
465.0,13493.0,158.0,Contract,21.0,Single,0.0,795.0,3.0,0.44,6625.0,43197.0,6317.0,12.0,Business,,Graduate,Male,Private,Yes
466.0,3542.0,956.0,Salaried,37.0,Married,1.0,639.0,2.0,0.31,5312.0,19790.0,39074.0,84.0,Education,,Not Graduate,Male,Government,No
467.0,15964.0,2071.0,Self-employed,45.0,Single,1.0,695.0,1.0,0.44,4142.0,,1923.0,,Personal,Semiurban,Not Graduate,Male,Self,No
468.0,19575.0,8595.0,Contract,23.0,Single,2.0,686.0,3.0,0.27,10923.0,34405.0,16138.0,72.0,Education,Semiurban,Graduate,Male,Private,No
,8313.0,3453.0,Salaried,35.0,Married,0.0,587.0,1.0,0.24,11456.0,25474.0,13892.0,72.0,Home,Rural,Graduate,Female,Government,No
470.0,19924.0,6675.0,Contract,49.0,Married,1.0,636.0,2.0,0.6,11011.0,,15254.0,60.0,Home,Rural,Graduate,Male,Government,No
471.0,15807.0,955.0,Salaried,52.0,Married,1.0,698.0,3.0,0.48,15251.0,43864.0,22450.0,84.0,Business,Urban,,Male,MNC,No
472.0,11580.0,6295.0,Self-employed,46.0,Single,0.0,,1.0,0.42,1482.0,37355.0,28328.0,48.0,Education,Urban,,,Self,No
473.0,19749.0,1712.0,,36.0,Married,1.0,614.0,1.0,0.28,16559.0,34879.0,36369.0,24.0,Business,Urban,Not Graduate,Male,Self,No
474.0,10691.0,4703.0,Self-employed,45.0,Single,3.0,698.0,1.0,0.12,,9367.0,18730.0,12.0,Business,Semiurban,Not Graduate,Female,Government,Yes
475.0,9494.0,6563.0,Salaried,48.0,Married,3.0,,3.0,0.12,13656.0,1722.0,24250.0,,Car,Semiurban,Not Graduate,Male,MNC,Yes
476.0,6312.0,5631.0,Self-employed,29.0,Single,0.0,655.0,4.0,0.38,7456.0,32145.0,27144.0,12.0,Home,Rural,Graduate,Male,MNC,No
477.0,3324.0,1394.0,Salaried,21.0,Single,0.0,672.0,2.0,0.48,11429.0,38634.0,11549.0,36.0,Education,,Not Graduate,Male,Government,No
478.0,5141.0,4732.0,Unemployed,49.0,Single,0.0,747.0,2.0,0.37,10436.0,11139.0,35589.0,60.0,Car,Rural,Not Graduate,Female,Government,No
479.0,3810.0,3714.0,Salaried,42.0,Married,0.0,796.0,4.0,0.52,2569.0,3128.0,18204.0,72.0,Car,Semiurban,,Male,Government,No
480.0,8588.0,529.0,Salaried,36.0,Married,0.0,593.0,0.0,0.12,5304.0,,21546.0,72.0,Personal,Rural,Graduate,Female,Private,
481.0,7301.0,2958.0,Self-employed,27.0,Single,0.0,649.0,0.0,0.28,16741.0,21617.0,11982.0,48.0,Car,Semiurban,Graduate,Male,Government,
482.0,17485.0,7904.0,Salaried,34.0,Married,3.0,577.0,3.0,0.22,18183.0,29080.0,17470.0,84.0,,Semiurban,Graduate,Male,Private,Yes
,13714.0,3591.0,Self-employed,49.0,Married,3.0,722.0,3.0,0.32,5185.0,36285.0,1042.0,84.0,Home,Semiurban,Not Graduate,Female,MNC,Yes
484.0,6748.0,,Self-employed,39.0,,0.0,566.0,3.0,0.14,6458.0,18533.0,9675.0,24.0,Business,Semiurban,Graduate,Male,Government,Yes
485.0,11435.0,525.0,Contract,39.0,Married,0.0,676.0,1.0,0.58,2261.0,33624.0,26354.0,24.0,Personal,Semiurban,Not Graduate,Male,Unemployed,No
486.0,5709.0,6477.0,Self-employed,22.0,Married,1.0,,0.0,0.21,3531.0,47996.0,10631.0,24.0,Personal,,Not Graduate,Male,Government,No
487.0,15116.0,1.0,Salaried,35.0,Married,0.0,717.0,1.0,0.56,,47947.0,11455.0,84.0,Personal,Urban,Graduate,Male,Self,No
488.0,11576.0,374.0,Salaried,23.0,Married,1.0,799.0,0.0,0.31,18170.0,28956.0,37615.0,72.0,Car,Semiurban,Graduate,Female,Private,Yes
489.0,12150.0,4648.0,Salaried,31.0,Single,1.0,793.0,1.0,0.59,11948.0,43443.0,14122.0,84.0,Personal,Semiurban,Graduate,Male,Government,No
490.0,8530.0,2365.0,Salaried,50.0,Single,2.0,680.0,3.0,0.38,15502.0,34077.0,,24.0,Personal,Urban,Not Graduate,Female,Government,No
491.0,12188.0,1525.0,Salaried,38.0,Single,2.0,625.0,0.0,0.57,14562.0,4952.0,27266.0,60.0,Personal,Urban,Graduate,Male,Private,No
492.0,16683.0,1646.0,Self-employed,22.0,Single,1.0,780.0,3.0,0.1,1881.0,47639.0,16969.0,12.0,Car,Urban,,Male,MNC,Yes
493.0,2504.0,13.0,Self-employed,52.0,,2.0,753.0,1.0,0.47,10778.0,43460.0,17958.0,72.0,Home,Semiurban,Graduate,Female,Private,No
494.0,3214.0,4599.0,Salaried,28.0,Married,0.0,743.0,2.0,0.55,3914.0,23796.0,21230.0,60.0,Home,,Not Graduate,Male,Government,No
,3531.0,2278.0,,42.0,Married,1.0,,0.0,0.17,6914.0,32746.0,11125.0,36.0,Personal,Urban,Not Graduate,Male,Private,Yes
496.0,,3155.0,Unemployed,26.0,Married,1.0,595.0,1.0,0.15,1123.0,22249.0,22570.0,60.0,Home,Urban,Graduate,Male,Unemployed,No
497.0,19312.0,8321.0,Contract,,Single,0.0,763.0,,,11795.0,1015.0,17477.0,60.0,Education,Urban,Graduate,Male,Private,Yes
498.0,7029.0,3814.0,Self-employed,56.0,Married,0.0,764.0,4.0,0.57,18771.0,26957.0,14711.0,36.0,Personal,Rural,Graduate,Female,Government,No
499.0,15428.0,3216.0,Salaried,35.0,Married,0.0,707.0,3.0,0.37,17397.0,17005.0,2046.0,60.0,Business,Urban,Graduate,Male,Private,No
500.0,18517.0,8219.0,Salaried,48.0,Married,3.0,618.0,1.0,0.36,4424.0,22292.0,24780.0,,Business,Semiurban,Graduate,Male,,No
,4105.0,2113.0,Salaried,38.0,,0.0,686.0,0.0,0.17,12874.0,32876.0,16831.0,72.0,Home,Semiurban,Graduate,Female,MNC,Yes
502.0,5627.0,4356.0,Salaried,22.0,Single,0.0,634.0,4.0,0.1,5725.0,48046.0,18883.0,48.0,Business,Rural,Graduate,Male,Private,No
503.0,14972.0,,Unemployed,33.0,Married,0.0,560.0,1.0,0.51,,15817.0,11452.0,84.0,Personal,Urban,Graduate,Male,Self,No
504.0,3852.0,4555.0,Contract,35.0,Single,2.0,618.0,0.0,0.14,12887.0,26470.0,16468.0,36.0,,Urban,Graduate,Male,Private,No
505.0,6910.0,,Salaried,40.0,Married,0.0,648.0,2.0,0.42,2158.0,10759.0,23237.0,72.0,Education,Urban,Graduate,Female,Private,No
506.0,13003.0,3374.0,Salaried,49.0,Married,3.0,640.0,4.0,0.56,11795.0,,15273.0,24.0,Home,Urban,Graduate,Female,Government,No
507.0,15843.0,6430.0,Contract,49.0,Single,2.0,790.0,0.0,0.2,18012.0,7412.0,35333.0,12.0,Car,Semiurban,Graduate,Female,Government,Yes
508.0,13704.0,3466.0,Salaried,23.0,Married,1.0,743.0,0.0,0.43,,21504.0,13992.0,48.0,Personal,Urban,Graduate,Male,Government,No
509.0,17761.0,3081.0,Salaried,39.0,Single,2.0,,4.0,0.14,16623.0,43964.0,38465.0,12.0,Personal,Urban,Graduate,Male,,Yes
510.0,8190.0,629.0,Contract,23.0,Single,0.0,708.0,0.0,0.4,17783.0,9507.0,19228.0,12.0,Car,Rural,Graduate,Male,Private,No
511.0,19640.0,269.0,Salaried,34.0,Single,0.0,710.0,0.0,0.18,16770.0,22050.0,37534.0,24.0,Car,Semiurban,Not Graduate,Male,Private,Yes
512.0,7645.0,5724.0,Salaried,24.0,Single,2.0,716.0,2.0,0.47,12407.0,5820.0,,48.0,Car,Urban,Graduate,Female,Private,Yes
513.0,11588.0,5897.0,Salaried,31.0,Married,0.0,643.0,3.0,0.25,12304.0,8835.0,21858.0,84.0,Personal,Urban,Not Graduate,Male,Self,No
514.0,13829.0,,Contract,,Single,0.0,723.0,1.0,0.33,13919.0,28631.0,4871.0,12.0,Education,Urban,Graduate,Male,Unemployed,Yes
515.0,10053.0,6276.0,Self-employed,52.0,Married,1.0,714.0,4.0,0.4,13962.0,35617.0,13676.0,24.0,Business,Rural,Graduate,Female,Private,No
516.0,5330.0,5895.0,,47.0,Single,0.0,664.0,2.0,0.19,11484.0,14587.0,16606.0,36.0,Car,Rural,Graduate,,Private,Yes
517.0,10662.0,,Salaried,50.0,Single,3.0,,0.0,0.47,,35721.0,7197.0,24.0,Home,Rural,Graduate,Male,Private,Yes
518.0,9114.0,6656.0,Salaried,22.0,,0.0,737.0,4.0,0.25,15068.0,46499.0,8985.0,60.0,Home,Rural,Not Graduate,Male,MNC,Yes
519.0,15323.0,575.0,Self-employed,29.0,Single,2.0,580.0,1.0,0.43,10324.0,7840.0,35877.0,72.0,Personal,Semiurban,Graduate,Male,Unemployed,No
520.0,3353.0,7029.0,Contract,48.0,Married,1.0,560.0,1.0,0.18,5739.0,38834.0,31770.0,24.0,Business,Urban,Graduate,Male,Private,No
521.0,12975.0,6099.0,Salaried,51.0,Single,2.0,636.0,2.0,0.44,,32440.0,20431.0,24.0,Car,Semiurban,Not Graduate,Male,Government,No
522.0,13023.0,3192.0,Contract,54.0,Single,0.0,670.0,1.0,0.16,975.0,36183.0,14687.0,24.0,Personal,Semiurban,Graduate,Male,Private,Yes
523.0,2667.0,3178.0,Salaried,35.0,Single,1.0,679.0,0.0,0.31,1014.0,31636.0,18947.0,84.0,Education,Rural,Graduate,Female,Government,No
524.0,11337.0,6052.0,Salaried,45.0,Single,2.0,781.0,0.0,0.22,18963.0,3389.0,9574.0,12.0,Education,Semiurban,Graduate,Male,Self,Yes
525.0,15659.0,2734.0,Salaried,56.0,Married,1.0,654.0,1.0,0.47,11588.0,49979.0,1079.0,84.0,Home,Semiurban,Graduate,Male,Private,No
526.0,5719.0,6116.0,Salaried,28.0,Married,0.0,576.0,3.0,0.23,11286.0,1763.0,4314.0,48.0,,Rural,Graduate,Male,Unemployed,No
527.0,9483.0,3568.0,Salaried,29.0,Married,1.0,776.0,2.0,0.54,16549.0,24925.0,5864.0,24.0,Car,Urban,Graduate,Male,Government,Yes
528.0,2539.0,2203.0,Salaried,57.0,Single,2.0,551.0,4.0,0.55,4711.0,27549.0,6654.0,24.0,Personal,,Graduate,Male,,No
529.0,6964.0,1390.0,Salaried,59.0,Married,1.0,652.0,1.0,0.2,7010.0,40023.0,12070.0,60.0,Education,Urban,Graduate,Female,Government,Yes
530.0,6835.0,1742.0,Self-employed,52.0,Married,3.0,650.0,1.0,,2465.0,40941.0,23073.0,60.0,Home,Semiurban,Not Graduate,Female,Government,No
531.0,8042.0,1925.0,Salaried,37.0,Married,,,0.0,0.14,11628.0,24457.0,30442.0,36.0,Home,Urban,Not Graduate,Male,MNC,No
532.0,16837.0,619.0,Contract,55.0,Single,1.0,607.0,0.0,0.3,18792.0,22423.0,17995.0,36.0,Education,Semiurban,Not Graduate,Female,Private,No
533.0,9312.0,1274.0,Unemployed,57.0,Married,2.0,682.0,1.0,0.46,,11518.0,11881.0,60.0,Business,Semiurban,Not Graduate,Male,Private,
534.0,,956.0,Salaried,39.0,Married,2.0,729.0,3.0,0.43,19404.0,44020.0,4904.0,48.0,Education,Urban,Not Graduate,Male,Self,
535.0,,1939.0,Salaried,49.0,Married,2.0,722.0,4.0,0.41,15554.0,33360.0,32350.0,36.0,Car,Rural,Not Graduate,Male,Government,No
536.0,4779.0,3953.0,Salaried,27.0,Married,3.0,634.0,4.0,0.24,1083.0,46215.0,27177.0,72.0,Car,Semiurban,Graduate,Female,Private,No
537.0,19308.0,968.0,Salaried,48.0,Married,1.0,642.0,0.0,0.29,17628.0,48857.0,24928.0,72.0,,Semiurban,Graduate,Male,MNC,No
538.0,3581.0,281.0,Salaried,29.0,Married,0.0,569.0,3.0,0.15,5258.0,29173.0,25702.0,48.0,Home,Urban,Graduate,Male,Private,No
539.0,14677.0,6262.0,Contract,48.0,Married,,610.0,1.0,0.46,15766.0,10395.0,34235.0,60.0,Personal,Rural,Graduate,Female,Private,No
540.0,7713.0,1058.0,Self-employed,26.0,Single,2.0,587.0,0.0,0.35,3601.0,45835.0,,36.0,,Urban,Not Graduate,Male,Unemployed,No
541.0,18639.0,4293.0,Salaried,49.0,Single,2.0,697.0,3.0,0.45,15514.0,20207.0,3646.0,,Home,Urban,Graduate,,Private,No
542.0,6804.0,5178.0,Contract,37.0,Married,0.0,791.0,2.0,0.22,11907.0,39055.0,35969.0,60.0,,Urban,Graduate,Male,Private,No
543.0,12136.0,6980.0,Salaried,,Single,0.0,574.0,0.0,0.26,18951.0,47229.0,6982.0,36.0,,Semiurban,,Female,Government,Yes
,2009.0,1229.0,Contract,43.0,Married,0.0,679.0,1.0,,3884.0,27639.0,23773.0,48.0,Business,Rural,Graduate,Male,Private,No
545.0,7124.0,4585.0,Self-employed,51.0,Single,2.0,670.0,1.0,0.11,17428.0,47170.0,,72.0,Car,Urban,,Male,MNC,No
546.0,3015.0,8467.0,Self-employed,23.0,Single,0.0,709.0,3.0,0.27,1041.0,29924.0,38131.0,48.0,Business,Urban,Graduate,Female,Government,No
547.0,4193.0,2740.0,Salaried,41.0,Married,1.0,575.0,1.0,0.5,18729.0,8433.0,27595.0,36.0,Home,Rural,Graduate,Male,Government,No
548.0,10415.0,2289.0,Salaried,46.0,Married,1.0,747.0,4.0,0.55,5962.0,31104.0,35242.0,48.0,Business,Semiurban,Graduate,Male,Private,No
549.0,15550.0,1239.0,Unemployed,56.0,Married,2.0,718.0,0.0,0.36,16022.0,45052.0,2957.0,36.0,,Rural,Graduate,Female,Private,Yes
550.0,16512.0,5370.0,Salaried,57.0,Married,2.0,798.0,1.0,0.33,15424.0,38594.0,29084.0,36.0,Car,Urban,Graduate,Female,Government,Yes
551.0,,125.0,Unemployed,42.0,Single,1.0,616.0,1.0,0.12,13305.0,4664.0,22821.0,48.0,Business,Semiurban,Not Graduate,,Government,No
552.0,8970.0,7473.0,Salaried,32.0,Married,0.0,,,0.54,172.0,11528.0,15422.0,12.0,,Urban,Graduate,Male,Self,No
,8938.0,5342.0,Salaried,33.0,Married,1.0,550.0,1.0,0.11,15589.0,29190.0,15572.0,24.0,Car,Rural,Graduate,Male,Private,Yes
554.0,15772.0,7351.0,Salaried,,Married,2.0,600.0,3.0,0.57,1691.0,1497.0,17460.0,60.0,Education,Semiurban,Not Graduate,Female,Self,No
555.0,12344.0,6638.0,Salaried,36.0,Married,3.0,554.0,3.0,0.34,6294.0,8641.0,18893.0,72.0,Education,Semiurban,Graduate,Female,Private,No
556.0,9266.0,6570.0,Unemployed,28.0,Married,0.0,562.0,4.0,0.27,6942.0,5643.0,18579.0,24.0,Home,Urban,Graduate,Male,Government,No
557.0,,3249.0,Salaried,22.0,Married,0.0,696.0,3.0,0.56,939.0,6056.0,14108.0,60.0,,Urban,Graduate,Male,Government,No
558.0,2384.0,7595.0,Salaried,50.0,Single,0.0,689.0,3.0,0.11,5608.0,33899.0,36571.0,60.0,Home,Urban,Not Graduate,Male,Private,No
559.0,2404.0,6294.0,Salaried,50.0,Married,0.0,597.0,2.0,0.39,3874.0,6443.0,27466.0,72.0,Home,Urban,Graduate,Male,Government,No
560.0,10175.0,6527.0,Salaried,32.0,Married,2.0,702.0,,0.37,10668.0,18241.0,25101.0,24.0,Education,Urban,Graduate,Female,Private,
561.0,17158.0,5757.0,Salaried,30.0,Single,0.0,606.0,1.0,0.21,2172.0,47211.0,17504.0,72.0,Personal,Semiurban,Not Graduate,Male,Government,No
562.0,14763.0,1969.0,Salaried,31.0,Married,1.0,664.0,1.0,0.31,11810.0,9712.0,29019.0,36.0,Personal,Urban,Graduate,Male,Self,No
563.0,11860.0,891.0,Contract,35.0,Single,0.0,584.0,1.0,0.43,9530.0,9221.0,21486.0,72.0,Education,Rural,Not Graduate,Male,Private,No
564.0,7989.0,4470.0,Salaried,36.0,,0.0,625.0,1.0,0.46,624.0,32346.0,27299.0,48.0,Personal,Urban,Graduate,Male,MNC,No
565.0,17106.0,7175.0,Salaried,,Married,1.0,643.0,1.0,0.1,8373.0,16660.0,37708.0,12.0,Personal,Urban,Graduate,Male,Government,No
566.0,19844.0,8320.0,Salaried,46.0,Married,0.0,554.0,4.0,0.57,15315.0,39915.0,19307.0,12.0,Car,Rural,Not Graduate,Female,MNC,No
567.0,5636.0,,Salaried,22.0,Married,0.0,775.0,1.0,0.18,13320.0,12588.0,19448.0,12.0,Car,Semiurban,Graduate,,Private,Yes
568.0,12916.0,7519.0,Unemployed,32.0,Married,2.0,571.0,0.0,0.22,3111.0,38372.0,15583.0,24.0,Personal,Semiurban,Not Graduate,Male,,No
569.0,6809.0,4612.0,Salaried,46.0,Married,1.0,652.0,2.0,0.23,13921.0,43220.0,10481.0,24.0,Home,Urban,Not Graduate,Male,Private,No
570.0,15456.0,1198.0,Salaried,43.0,Married,,754.0,0.0,0.12,16492.0,18942.0,26536.0,36.0,,Semiurban,Graduate,Female,Government,Yes
571.0,17444.0,,Self-employed,38.0,Married,3.0,734.0,,0.16,573.0,37373.0,37687.0,84.0,Home,Semiurban,Not Graduate,Female,MNC,No
,,6089.0,Salaried,52.0,Married,1.0,724.0,,0.59,6172.0,47052.0,16482.0,12.0,,Urban,Graduate,Male,Private,No
573.0,,6257.0,Salaried,58.0,Single,2.0,731.0,1.0,0.26,13541.0,2607.0,33034.0,36.0,Personal,Semiurban,Not Graduate,Female,Private,No
574.0,14338.0,7705.0,Unemployed,,Married,0.0,680.0,1.0,0.16,3504.0,45477.0,11434.0,84.0,Personal,Semiurban,Graduate,Male,Self,No
575.0,,3719.0,Contract,58.0,Married,0.0,673.0,3.0,0.15,13201.0,3016.0,17691.0,12.0,Car,Urban,Graduate,Male,Government,Yes
576.0,6544.0,302.0,Unemployed,23.0,,0.0,602.0,3.0,0.46,14232.0,4574.0,,24.0,Car,Rural,Graduate,Female,Government,No
577.0,6976.0,986.0,Salaried,50.0,Single,,761.0,1.0,0.53,17365.0,47309.0,32529.0,84.0,Personal,Rural,Graduate,Male,Private,No
578.0,14775.0,4440.0,Salaried,21.0,Married,1.0,708.0,1.0,0.23,,8274.0,23665.0,48.0,Home,Urban,Graduate,Male,Self,Yes
579.0,12015.0,4909.0,Salaried,50.0,Single,3.0,618.0,1.0,0.11,5036.0,43703.0,23769.0,48.0,Personal,Semiurban,Not Graduate,Female,Private,No
580.0,5419.0,3072.0,Salaried,52.0,Married,1.0,765.0,3.0,0.21,18209.0,16748.0,13180.0,48.0,Business,Urban,Not Graduate,Female,MNC,Yes
581.0,16430.0,3124.0,Contract,48.0,Single,0.0,653.0,0.0,0.13,19724.0,21175.0,11698.0,72.0,Home,,Graduate,Male,Self,Yes
582.0,9239.0,8125.0,,41.0,Married,1.0,795.0,0.0,0.15,15948.0,40174.0,33571.0,48.0,Business,Semiurban,Graduate,Female,Self,Yes
583.0,16489.0,3291.0,Contract,33.0,Married,0.0,710.0,3.0,0.32,883.0,12826.0,16457.0,60.0,Business,Urban,Not Graduate,Male,Private,Yes
584.0,18633.0,4033.0,Self-employed,47.0,Married,1.0,749.0,1.0,0.21,10425.0,18472.0,5875.0,12.0,Home,Urban,,Male,MNC,Yes
585.0,12357.0,5105.0,Salaried,,Married,1.0,765.0,0.0,0.36,11992.0,35129.0,4744.0,48.0,Home,,Graduate,,Government,Yes
586.0,19154.0,703.0,Salaried,27.0,Married,2.0,727.0,0.0,0.23,16088.0,5473.0,32366.0,84.0,Education,Semiurban,Graduate,,Unemployed,Yes
587.0,6363.0,8133.0,,,Married,3.0,761.0,4.0,0.57,3130.0,24490.0,25361.0,60.0,Home,Semiurban,Graduate,,Private,No
588.0,12176.0,574.0,Salaried,30.0,Single,0.0,565.0,3.0,0.55,3324.0,41087.0,9634.0,60.0,Business,Urban,Graduate,Male,Self,No
589.0,,5704.0,Contract,59.0,Single,1.0,791.0,3.0,0.38,,42435.0,12179.0,,Personal,Urban,Graduate,Male,Government,Yes
590.0,10427.0,7848.0,Salaried,35.0,Married,3.0,665.0,1.0,0.28,12365.0,10481.0,39893.0,36.0,Car,Urban,Graduate,Male,Private,No
591.0,10580.0,5208.0,Salaried,35.0,Married,2.0,,2.0,0.29,667.0,9520.0,7970.0,84.0,Home,Urban,Graduate,Male,Private,No
592.0,6858.0,6924.0,Self-employed,24.0,Married,1.0,754.0,4.0,0.31,4360.0,27415.0,1121.0,36.0,Personal,Urban,Not Graduate,Male,Private,Yes
593.0,12040.0,3828.0,Unemployed,52.0,Single,3.0,658.0,4.0,0.46,10048.0,18570.0,5769.0,60.0,,Semiurban,Graduate,Female,,Yes
594.0,17254.0,3230.0,,43.0,Married,0.0,783.0,0.0,0.33,3592.0,20798.0,22677.0,72.0,Personal,Semiurban,Graduate,,Private,Yes
595.0,13470.0,488.0,Contract,26.0,Single,3.0,588.0,3.0,0.53,1876.0,4536.0,7423.0,48.0,Education,Rural,Graduate,Male,Government,No
,3252.0,7114.0,Salaried,44.0,Married,0.0,638.0,0.0,0.57,12168.0,2773.0,2240.0,12.0,Business,Rural,Graduate,,Government,No
597.0,8996.0,3173.0,Contract,40.0,Married,1.0,723.0,0.0,0.27,9097.0,30894.0,13211.0,,Car,Semiurban,Graduate,Female,,Yes
598.0,14173.0,1667.0,Self-employed,57.0,Single,2.0,773.0,2.0,,12942.0,44023.0,5265.0,72.0,Education,Semiurban,Graduate,Male,Private,Yes
599.0,6673.0,4114.0,Salaried,40.0,Single,0.0,765.0,1.0,0.15,8028.0,36326.0,16387.0,24.0,Business,Rural,,Male,Self,Yes
600.0,17781.0,3553.0,,32.0,Married,1.0,661.0,4.0,0.2,15289.0,6079.0,18294.0,36.0,Education,Urban,Graduate,Male,MNC,Yes
601.0,15051.0,7761.0,Contract,53.0,Married,0.0,596.0,0.0,0.31,8981.0,26838.0,31208.0,48.0,Personal,,Graduate,Male,Private,No
602.0,8881.0,1000.0,Salaried,48.0,Single,3.0,721.0,2.0,0.2,6831.0,22804.0,27883.0,48.0,Business,Urban,Not Graduate,Male,Private,Yes
603.0,8949.0,1388.0,Self-employed,28.0,Married,2.0,686.0,4.0,0.54,17251.0,48109.0,39202.0,24.0,Personal,Semiurban,Graduate,Female,Government,No
604.0,11521.0,5450.0,Salaried,21.0,Single,2.0,781.0,4.0,0.18,19031.0,20675.0,29490.0,24.0,Car,Rural,Graduate,Female,Self,
605.0,10017.0,3712.0,Contract,57.0,Married,1.0,791.0,0.0,0.33,1730.0,26594.0,3448.0,84.0,Education,Urban,Not Graduate,Male,Self,Yes
606.0,8941.0,1367.0,Self-employed,42.0,Single,2.0,764.0,1.0,0.4,15997.0,43749.0,12013.0,48.0,Home,Semiurban,Graduate,Female,Government,No
607.0,12209.0,8189.0,,26.0,Single,0.0,677.0,2.0,0.45,7040.0,37292.0,32148.0,24.0,Home,Semiurban,Graduate,Female,Private,No
608.0,19715.0,454.0,Salaried,41.0,Married,1.0,727.0,0.0,0.29,2617.0,9998.0,35084.0,48.0,Education,Urban,Graduate,Female,Unemployed,Yes
609.0,11550.0,2772.0,Self-employed,52.0,Single,2.0,626.0,4.0,0.53,13284.0,14697.0,7873.0,72.0,Home,Urban,Not Graduate,Female,Private,No
610.0,6637.0,3726.0,Self-employed,55.0,Married,0.0,737.0,4.0,0.38,14339.0,47374.0,9965.0,84.0,,Urban,Graduate,Female,Private,Yes
,6854.0,7232.0,Salaried,35.0,Married,0.0,773.0,0.0,0.32,12677.0,14429.0,9953.0,24.0,Business,Urban,Graduate,Male,Private,Yes
612.0,12320.0,4806.0,Salaried,25.0,Married,0.0,791.0,0.0,0.13,2873.0,49807.0,26183.0,72.0,Home,Rural,Graduate,Male,Private,Yes
613.0,6892.0,2190.0,Salaried,26.0,Married,0.0,564.0,0.0,0.33,11155.0,8140.0,33114.0,72.0,Car,Rural,Graduate,Male,Government,No
614.0,,2875.0,Self-employed,,Single,2.0,585.0,4.0,0.51,12325.0,42553.0,6659.0,24.0,Business,Rural,Not Graduate,Female,Self,No
,18521.0,5592.0,Salaried,49.0,Married,,790.0,0.0,0.41,15360.0,15901.0,10275.0,84.0,Personal,Semiurban,Graduate,Male,MNC,Yes
616.0,6164.0,1440.0,Salaried,,Married,2.0,612.0,1.0,0.52,14902.0,,37090.0,48.0,Education,Rural,Graduate,Male,Private,No
617.0,9941.0,8927.0,Self-employed,33.0,Married,0.0,618.0,1.0,0.35,14734.0,29525.0,17503.0,60.0,Education,Semiurban,Not Graduate,Male,MNC,No
618.0,16388.0,6059.0,Salaried,58.0,Married,0.0,763.0,2.0,0.16,10588.0,,1410.0,48.0,Car,Semiurban,Graduate,Female,Self,Yes
619.0,7569.0,7010.0,Salaried,38.0,,0.0,757.0,0.0,0.11,12827.0,4280.0,11860.0,12.0,Home,Semiurban,Graduate,Female,Government,Yes
620.0,6300.0,7117.0,Unemployed,22.0,Single,2.0,718.0,0.0,0.25,13834.0,35980.0,37074.0,24.0,Education,Semiurban,Graduate,Male,MNC,Yes
621.0,8269.0,2989.0,Unemployed,28.0,Single,1.0,,4.0,0.45,13796.0,48981.0,19409.0,36.0,Personal,Urban,Not Graduate,Male,Self,No
622.0,5818.0,6228.0,Salaried,31.0,Single,3.0,573.0,4.0,,11942.0,30989.0,29472.0,,Home,Semiurban,Not Graduate,Female,Private,No
623.0,,6471.0,Salaried,53.0,Married,2.0,759.0,3.0,0.25,2521.0,9078.0,38320.0,24.0,,Urban,Not Graduate,Male,MNC,
624.0,14234.0,2863.0,Contract,58.0,Married,1.0,598.0,0.0,0.35,5488.0,27118.0,22367.0,12.0,Education,Semiurban,Graduate,Male,Self,No
625.0,8254.0,1177.0,Salaried,47.0,Married,1.0,695.0,1.0,0.31,14311.0,24985.0,22161.0,72.0,Personal,Semiurban,Graduate,Male,,No
626.0,19144.0,,Salaried,40.0,Married,3.0,556.0,2.0,0.31,12911.0,49704.0,18450.0,36.0,Car,Urban,Graduate,Female,MNC,No
627.0,9350.0,11.0,,32.0,Married,2.0,553.0,1.0,0.22,4382.0,17997.0,38506.0,36.0,Personal,Rural,Not Graduate,Male,,No
628.0,17183.0,5252.0,Salaried,51.0,Married,0.0,639.0,4.0,0.17,18005.0,15274.0,20983.0,48.0,Business,Urban,Graduate,Male,Self,No
629.0,8238.0,,Self-employed,47.0,Married,1.0,746.0,2.0,0.2,18654.0,1868.0,9554.0,60.0,Education,Urban,Graduate,Female,Self,Yes
630.0,8090.0,8234.0,Salaried,52.0,,2.0,,0.0,0.13,12700.0,27398.0,2278.0,48.0,Education,Urban,Graduate,Male,Government,Yes
631.0,13637.0,5445.0,Self-employed,,Married,2.0,604.0,4.0,0.2,13535.0,17042.0,14320.0,84.0,Personal,Rural,Graduate,Male,Private,No
632.0,14647.0,6570.0,Unemployed,23.0,,0.0,565.0,4.0,0.1,13241.0,32820.0,25413.0,36.0,Business,Semiurban,Graduate,Male,Self,No
633.0,,8212.0,Salaried,47.0,Married,2.0,776.0,,,9178.0,49175.0,33095.0,36.0,Education,Semiurban,Not Graduate,Female,Private,
634.0,10472.0,406.0,Self-employed,55.0,Married,3.0,767.0,2.0,0.26,13611.0,22246.0,11280.0,60.0,Home,Rural,Graduate,Male,Self,Yes
635.0,5266.0,4431.0,,51.0,Single,0.0,759.0,1.0,0.59,6870.0,21561.0,33167.0,84.0,Home,Urban,Graduate,,MNC,No
636.0,2666.0,,Salaried,35.0,,2.0,578.0,1.0,0.2,16853.0,17254.0,28739.0,24.0,Education,Urban,Graduate,Female,Private,No
637.0,6188.0,6542.0,Salaried,36.0,Married,0.0,700.0,0.0,0.27,18069.0,35512.0,31639.0,60.0,Home,Urban,Graduate,Female,Private,No
638.0,19055.0,6936.0,Self-employed,33.0,Married,0.0,794.0,2.0,0.28,19401.0,36024.0,35134.0,72.0,Home,Semiurban,Graduate,Female,Private,Yes
639.0,12161.0,8906.0,Self-employed,55.0,Married,0.0,563.0,4.0,0.1,8145.0,24996.0,30404.0,48.0,Home,Semiurban,Graduate,Female,Government,No
640.0,13314.0,4146.0,Contract,31.0,Married,0.0,628.0,2.0,0.52,3183.0,29618.0,17665.0,24.0,Car,Urban,Graduate,Female,MNC,No
641.0,14891.0,140.0,Salaried,41.0,Single,2.0,726.0,0.0,0.12,6695.0,12859.0,27029.0,48.0,Home,Urban,Not Graduate,Female,Government,Yes
642.0,6777.0,4882.0,Unemployed,31.0,Single,0.0,582.0,2.0,0.57,630.0,24580.0,11900.0,60.0,Car,,Graduate,Female,Private,No
643.0,5900.0,6012.0,Salaried,50.0,Single,0.0,702.0,1.0,0.55,15766.0,6423.0,8449.0,24.0,Education,Semiurban,Graduate,Male,Government,No
644.0,15716.0,963.0,Salaried,55.0,Married,0.0,570.0,3.0,0.37,,38857.0,31043.0,60.0,Business,Urban,Graduate,Male,Self,No
645.0,8981.0,7151.0,Self-employed,42.0,Single,0.0,694.0,1.0,0.37,7735.0,7608.0,2037.0,72.0,Business,Urban,Not Graduate,Male,Private,Yes
646.0,8376.0,8564.0,Salaried,58.0,Married,0.0,572.0,0.0,0.43,19317.0,43485.0,25346.0,12.0,Home,Urban,Graduate,Male,,No
647.0,18907.0,3610.0,Salaried,51.0,Married,2.0,606.0,0.0,0.29,9541.0,5876.0,3052.0,36.0,Business,Semiurban,Not Graduate,Female,Private,No
648.0,12160.0,6894.0,Salaried,34.0,,0.0,784.0,3.0,0.42,8841.0,22038.0,9771.0,84.0,Business,Semiurban,Not Graduate,Female,Self,No
649.0,16124.0,7311.0,,44.0,Married,2.0,758.0,1.0,0.12,15086.0,29006.0,18458.0,24.0,Personal,Semiurban,,Male,,Yes
650.0,18282.0,105.0,Salaried,52.0,Married,2.0,735.0,3.0,0.13,4392.0,36775.0,35207.0,36.0,Home,Semiurban,Not Graduate,Male,Private,Yes
651.0,12488.0,5539.0,Unemployed,56.0,Single,0.0,691.0,0.0,0.33,15340.0,31810.0,5138.0,12.0,Car,Semiurban,Graduate,Male,,Yes
652.0,7240.0,6787.0,,52.0,Married,2.0,642.0,1.0,0.37,7679.0,15325.0,17618.0,24.0,Business,Rural,Not Graduate,Male,Government,No
,12453.0,2137.0,,35.0,Married,0.0,569.0,1.0,0.54,1310.0,36892.0,1420.0,36.0,Personal,Urban,Not Graduate,Female,Private,No
654.0,,4445.0,Contract,55.0,Married,0.0,707.0,4.0,0.15,8308.0,2753.0,19717.0,36.0,Business,Semiurban,,Male,MNC,Yes
655.0,14394.0,3530.0,Unemployed,,Single,0.0,,4.0,0.51,10420.0,30531.0,27265.0,24.0,Personal,Semiurban,Graduate,Male,Self,No
656.0,6432.0,1286.0,Salaried,36.0,Single,0.0,730.0,0.0,,602.0,18996.0,22457.0,36.0,Car,Urban,,Male,Private,
657.0,15568.0,7052.0,Contract,25.0,Single,1.0,652.0,1.0,0.3,15989.0,4275.0,18708.0,36.0,Business,Semiurban,Graduate,Male,Government,Yes
658.0,16178.0,,Salaried,41.0,Married,2.0,733.0,0.0,0.26,,9747.0,25020.0,24.0,Home,Urban,Graduate,Female,Unemployed,Yes
659.0,19660.0,7102.0,Self-employed,30.0,Married,0.0,626.0,2.0,0.3,16989.0,46211.0,38712.0,84.0,Personal,Urban,Not Graduate,Male,Self,No
660.0,2302.0,2359.0,Self-employed,39.0,Married,2.0,759.0,1.0,0.18,17263.0,1824.0,30003.0,36.0,Education,Urban,Not Graduate,Female,Private,Yes
661.0,,8105.0,Contract,45.0,Married,0.0,700.0,4.0,0.35,1480.0,14880.0,33348.0,36.0,Business,Urban,Graduate,Male,Government,Yes
662.0,,,Salaried,24.0,Married,2.0,739.0,4.0,0.5,11095.0,44809.0,31007.0,84.0,Car,Semiurban,Not Graduate,Male,Government,No
663.0,15013.0,6441.0,Self-employed,49.0,Married,0.0,787.0,1.0,0.32,1717.0,2081.0,10537.0,48.0,Car,Semiurban,Graduate,Male,Unemployed,
664.0,10717.0,5047.0,Salaried,39.0,Married,0.0,582.0,1.0,0.35,10922.0,12517.0,13136.0,72.0,,Semiurban,Graduate,Female,Private,No
665.0,10150.0,8227.0,Contract,22.0,Single,0.0,780.0,3.0,0.52,18805.0,22683.0,15234.0,48.0,Education,Rural,Graduate,Male,Self,No
666.0,4125.0,5203.0,Unemployed,30.0,Married,0.0,781.0,3.0,0.45,3875.0,17876.0,2632.0,12.0,Personal,Urban,,Male,Private,Yes
667.0,13479.0,1798.0,Salaried,45.0,Married,1.0,567.0,,0.35,16634.0,38532.0,,48.0,Personal,Semiurban,Not Graduate,Male,Self,No
668.0,,5291.0,Unemployed,40.0,Married,2.0,622.0,1.0,0.23,1616.0,9266.0,35366.0,48.0,Home,Rural,Graduate,Male,MNC,No
669.0,18748.0,5495.0,Salaried,39.0,Single,0.0,710.0,1.0,0.54,13649.0,12183.0,7719.0,,Business,Urban,Graduate,Male,Private,No
670.0,8809.0,6284.0,Salaried,43.0,Single,2.0,709.0,0.0,0.39,826.0,22066.0,18974.0,36.0,Business,Semiurban,Graduate,Male,Private,No
671.0,6621.0,7285.0,Salaried,44.0,Single,2.0,738.0,0.0,0.21,12576.0,13877.0,,36.0,Education,Rural,Graduate,Female,Government,Yes
672.0,17034.0,1300.0,Salaried,31.0,Single,2.0,731.0,0.0,0.23,9536.0,10982.0,10968.0,48.0,Car,Semiurban,Not Graduate,Male,Self,Yes
673.0,15623.0,6869.0,Self-employed,54.0,Married,0.0,566.0,2.0,0.5,12532.0,9968.0,27582.0,12.0,Business,Urban,Graduate,Male,Private,No
674.0,7126.0,3097.0,Salaried,48.0,Married,1.0,568.0,1.0,0.12,6228.0,27598.0,23575.0,36.0,Car,Urban,Graduate,Male,Self,Yes
675.0,7122.0,4616.0,Salaried,25.0,Married,3.0,768.0,0.0,0.6,16130.0,15639.0,3628.0,60.0,Personal,Semiurban,Not Graduate,Female,MNC,No
676.0,19302.0,9.0,Unemployed,25.0,Married,2.0,619.0,0.0,,11951.0,5674.0,37675.0,24.0,Business,Rural,Graduate,Male,Self,No
677.0,7870.0,5752.0,Contract,41.0,Married,0.0,776.0,3.0,0.5,19730.0,5316.0,38214.0,24.0,Home,Urban,Not Graduate,Female,Self,No
678.0,3531.0,6295.0,Contract,32.0,Married,0.0,669.0,3.0,0.3,17985.0,49082.0,25511.0,72.0,Car,Rural,Graduate,Male,Private,No
679.0,10172.0,4815.0,Contract,24.0,Single,0.0,650.0,1.0,0.35,6266.0,10695.0,18780.0,24.0,Business,Urban,Graduate,Female,MNC,No
680.0,9673.0,1072.0,Self-employed,40.0,Single,1.0,583.0,1.0,0.54,19613.0,49582.0,26736.0,48.0,Personal,Urban,Not Graduate,Male,Private,No
681.0,8882.0,3225.0,Salaried,58.0,Single,2.0,633.0,4.0,0.31,,32094.0,4530.0,24.0,Home,Semiurban,Not Graduate,Male,,No
682.0,3906.0,1316.0,Salaried,45.0,Single,0.0,702.0,0.0,0.37,19219.0,23187.0,5469.0,24.0,Car,Semiurban,Graduate,,Private,No
683.0,5086.0,5699.0,Self-employed,34.0,Single,1.0,745.0,0.0,0.12,7464.0,42147.0,23888.0,60.0,Personal,Urban,Graduate,Female,Self,Yes
684.0,15503.0,6807.0,Salaried,31.0,,1.0,623.0,1.0,0.1,19884.0,2214.0,9399.0,36.0,Education,Urban,Not Graduate,Female,Unemployed,
685.0,10152.0,6674.0,Self-employed,52.0,Married,1.0,751.0,0.0,0.22,17010.0,24940.0,14742.0,60.0,Home,Rural,Graduate,Female,Private,Yes
686.0,7750.0,3683.0,Salaried,31.0,Single,2.0,637.0,,0.44,7688.0,45406.0,4549.0,48.0,Business,Rural,Graduate,Male,Unemployed,No
687.0,14772.0,7227.0,Salaried,38.0,Single,2.0,634.0,4.0,0.16,10392.0,26685.0,34538.0,24.0,Home,Urban,Graduate,Male,,No
688.0,12267.0,3273.0,Salaried,47.0,Married,0.0,560.0,2.0,0.16,7252.0,44481.0,32904.0,84.0,Home,Urban,,Male,Government,No
689.0,3062.0,7000.0,Self-employed,38.0,Single,2.0,640.0,,0.31,2245.0,16977.0,26480.0,,Home,Rural,Graduate,Female,Self,No
690.0,19680.0,145.0,,43.0,Married,0.0,693.0,4.0,0.42,2025.0,45839.0,31608.0,72.0,Education,Semiurban,Not Graduate,Male,Private,No
691.0,8229.0,5010.0,Self-employed,31.0,Married,0.0,767.0,0.0,0.46,5218.0,36904.0,22345.0,72.0,Home,Urban,Graduate,Female,Private,No
,18509.0,3040.0,Salaried,41.0,Single,0.0,738.0,0.0,0.19,7100.0,26538.0,9317.0,24.0,Business,Rural,Not Graduate,Male,Unemployed,Yes
693.0,17147.0,482.0,Salaried,25.0,Married,0.0,771.0,2.0,0.14,11536.0,40386.0,13922.0,,Personal,Urban,Graduate,Female,Government,Yes
694.0,6632.0,3179.0,Contract,43.0,Married,0.0,676.0,2.0,0.57,,39033.0,,72.0,Education,Semiurban,Graduate,Male,Private,No
695.0,8288.0,1249.0,Self-employed,45.0,Married,0.0,662.0,0.0,0.23,647.0,8965.0,8196.0,72.0,Business,Semiurban,Graduate,Male,Self,No
696.0,5596.0,630.0,Salaried,30.0,Single,2.0,,1.0,0.53,15579.0,10597.0,13890.0,84.0,Business,Semiurban,Graduate,Female,MNC,No
697.0,13475.0,,Contract,42.0,Married,,556.0,2.0,0.53,15596.0,42476.0,28234.0,48.0,,Urban,Graduate,Male,Government,No
698.0,8168.0,2852.0,Salaried,39.0,Single,2.0,565.0,2.0,0.49,16737.0,28740.0,37197.0,24.0,Personal,Semiurban,Graduate,,Private,No
699.0,11795.0,987.0,Salaried,21.0,Married,0.0,776.0,2.0,0.18,8044.0,7569.0,,72.0,Business,Rural,Not Graduate,Female,Government,Yes
700.0,9561.0,7622.0,Salaried,27.0,Married,3.0,799.0,1.0,0.51,3125.0,38981.0,15260.0,,Car,Semiurban,Graduate,Male,Self,No
701.0,10258.0,7327.0,Self-employed,24.0,Single,2.0,565.0,0.0,0.48,13796.0,12881.0,7472.0,12.0,Home,Semiurban,Graduate,Female,Private,No
,18616.0,8841.0,Self-employed,21.0,Married,0.0,717.0,1.0,0.4,12359.0,37996.0,7764.0,72.0,Personal,Urban,Not Graduate,Female,Private,No
703.0,8371.0,1100.0,Salaried,35.0,Single,2.0,561.0,0.0,0.27,17632.0,33177.0,34079.0,36.0,Car,Rural,Not Graduate,Male,Government,No
704.0,16369.0,6652.0,Contract,32.0,Married,1.0,584.0,4.0,0.23,14339.0,38177.0,10836.0,36.0,Car,Rural,Graduate,Male,Government,No
705.0,14910.0,8632.0,Salaried,42.0,Single,2.0,790.0,1.0,0.16,17895.0,1590.0,33776.0,,Personal,Rural,Graduate,,Private,Yes
706.0,9943.0,7421.0,Salaried,42.0,Married,1.0,570.0,1.0,0.35,16413.0,27119.0,39066.0,48.0,Car,Semiurban,Not Graduate,Female,Private,No
707.0,14199.0,5016.0,Salaried,37.0,Married,1.0,727.0,3.0,0.39,1968.0,28915.0,14134.0,24.0,Personal,Rural,Not Graduate,Female,Private,No
708.0,17728.0,769.0,Salaried,49.0,Married,2.0,720.0,1.0,0.28,14616.0,3708.0,8679.0,24.0,Home,Urban,Graduate,Male,Private,
709.0,8738.0,1343.0,Salaried,34.0,Married,1.0,777.0,1.0,0.34,15206.0,39749.0,30296.0,,Education,Semiurban,Graduate,Male,Private,Yes
710.0,17913.0,4358.0,,40.0,Single,0.0,789.0,3.0,0.28,2442.0,45989.0,32836.0,36.0,Education,Semiurban,Not Graduate,Male,Government,Yes
711.0,4472.0,6780.0,Contract,53.0,Married,,566.0,3.0,0.42,912.0,23106.0,39248.0,48.0,Education,Semiurban,,Male,Government,No
712.0,17679.0,6602.0,,35.0,Married,0.0,581.0,2.0,0.55,14445.0,18131.0,,48.0,Car,Rural,Not Graduate,Female,Government,No
713.0,3761.0,2349.0,Salaried,32.0,Married,1.0,590.0,0.0,,17688.0,47553.0,5397.0,48.0,Personal,Semiurban,Graduate,Female,Private,No
714.0,12167.0,5699.0,Salaried,40.0,Married,0.0,,,0.29,9589.0,,17464.0,72.0,Education,,Graduate,Male,,Yes
715.0,12554.0,1241.0,Salaried,50.0,Single,1.0,765.0,3.0,0.17,15296.0,18881.0,18278.0,24.0,Education,Urban,Graduate,Female,Private,Yes
716.0,19260.0,1125.0,Salaried,58.0,Married,3.0,576.0,0.0,,11763.0,2379.0,25658.0,48.0,Business,Urban,Graduate,Male,Private,No
717.0,16277.0,6764.0,Contract,23.0,Single,0.0,697.0,0.0,0.46,10636.0,26255.0,10423.0,72.0,Car,Semiurban,Graduate,Male,Private,No
718.0,5812.0,5101.0,Salaried,48.0,Single,0.0,702.0,3.0,0.57,12379.0,41128.0,24621.0,72.0,Personal,Urban,Graduate,Male,Private,No
719.0,19844.0,7843.0,Self-employed,46.0,Single,2.0,615.0,0.0,0.24,11494.0,4770.0,28618.0,12.0,Business,Urban,Graduate,Male,MNC,No
720.0,3605.0,72.0,Contract,50.0,Married,2.0,686.0,3.0,0.58,2430.0,20726.0,6084.0,60.0,Car,Semiurban,Graduate,Female,Private,No
721.0,7622.0,5472.0,Salaried,33.0,Single,1.0,641.0,,0.13,10669.0,48217.0,20638.0,48.0,Personal,Rural,Not Graduate,Male,MNC,Yes
722.0,8767.0,5189.0,Contract,33.0,Single,0.0,730.0,1.0,0.4,11431.0,10088.0,17906.0,60.0,Business,Rural,Not Graduate,Male,Private,No
723.0,13613.0,2472.0,Self-employed,22.0,Single,3.0,610.0,0.0,0.13,5120.0,35314.0,8719.0,24.0,Business,Rural,Not Graduate,,Private,No
724.0,12589.0,707.0,Self-employed,57.0,Married,2.0,715.0,3.0,0.55,5687.0,39976.0,29305.0,72.0,Personal,Rural,Not Graduate,Male,Self,No
725.0,15918.0,1804.0,Salaried,58.0,,0.0,552.0,1.0,0.36,,17350.0,28475.0,84.0,Personal,Urban,Graduate,Male,,No
726.0,15046.0,6704.0,Salaried,22.0,Single,0.0,761.0,2.0,0.43,7848.0,42643.0,18524.0,48.0,Education,Rural,Graduate,Male,Private,No
727.0,4590.0,3713.0,Salaried,56.0,Single,1.0,747.0,2.0,0.52,2014.0,35063.0,18284.0,84.0,Personal,,Graduate,Female,MNC,
728.0,19447.0,5051.0,Salaried,46.0,Married,0.0,652.0,3.0,,16693.0,16861.0,8990.0,36.0,,Semiurban,Graduate,Female,Government,Yes
729.0,6324.0,2475.0,Salaried,31.0,Married,0.0,774.0,4.0,0.12,10097.0,14973.0,7580.0,24.0,,Semiurban,Not Graduate,Male,Private,Yes
730.0,12787.0,3610.0,Self-employed,28.0,,2.0,604.0,2.0,0.54,11684.0,18769.0,,12.0,Business,Rural,Graduate,Female,Private,No
731.0,11111.0,4255.0,Salaried,42.0,,,550.0,1.0,0.26,16573.0,48249.0,5885.0,12.0,Business,Semiurban,Graduate,Male,MNC,No
732.0,7342.0,,Unemployed,40.0,Single,2.0,650.0,4.0,0.16,12889.0,18326.0,19924.0,60.0,Personal,Urban,Graduate,Male,Unemployed,No
733.0,18389.0,1735.0,Self-employed,28.0,Married,0.0,747.0,2.0,0.33,11010.0,37048.0,10132.0,72.0,Personal,Semiurban,Graduate,Male,Government,Yes
734.0,10659.0,8258.0,,,Married,2.0,594.0,1.0,0.4,1984.0,47365.0,2953.0,60.0,Personal,Urban,Graduate,Male,Private,No
735.0,16043.0,7979.0,Salaried,46.0,Married,2.0,775.0,0.0,0.12,9892.0,3786.0,29405.0,36.0,Home,Rural,Graduate,,Unemployed,Yes
736.0,10837.0,2428.0,Contract,50.0,Married,0.0,724.0,3.0,0.24,9682.0,36001.0,37015.0,36.0,Home,Semiurban,Graduate,Male,Private,No
737.0,2117.0,7426.0,Contract,37.0,Single,1.0,756.0,1.0,0.12,9797.0,2620.0,21143.0,,Home,Semiurban,Graduate,Female,Private,Yes
738.0,15917.0,8533.0,Self-employed,40.0,Single,0.0,786.0,2.0,0.31,595.0,37303.0,32796.0,84.0,Education,Rural,Not Graduate,Male,Self,Yes
739.0,16309.0,5249.0,Salaried,36.0,Single,2.0,575.0,1.0,0.55,7914.0,20589.0,4480.0,48.0,Car,Semiurban,Graduate,Male,Private,No
740.0,15234.0,5291.0,Salaried,27.0,Married,2.0,670.0,0.0,0.59,6994.0,3882.0,1455.0,12.0,Home,Urban,Graduate,Female,Government,No
741.0,7560.0,,Salaried,36.0,Single,1.0,691.0,2.0,0.42,4414.0,25524.0,6428.0,12.0,,Urban,Graduate,Male,MNC,No
,2846.0,3874.0,Salaried,47.0,Single,,799.0,0.0,0.18,14521.0,10745.0,12678.0,84.0,Personal,Semiurban,Graduate,Male,Self,Yes
743.0,12954.0,4211.0,Contract,43.0,Married,0.0,731.0,1.0,,11360.0,37665.0,39538.0,84.0,Home,Rural,Graduate,Male,Private,No
744.0,15703.0,661.0,Self-employed,44.0,Married,2.0,748.0,2.0,0.36,18250.0,16861.0,38795.0,36.0,Personal,Rural,Graduate,Male,Private,No
745.0,17385.0,3374.0,Self-employed,29.0,Single,0.0,595.0,1.0,0.18,,27171.0,20562.0,84.0,Home,Rural,,Female,Private,No
746.0,15746.0,,Contract,55.0,Single,0.0,671.0,3.0,0.56,9293.0,27199.0,17141.0,60.0,Business,Urban,Graduate,Male,Private,No
747.0,8469.0,2665.0,Self-employed,,Single,1.0,580.0,,0.48,11985.0,3837.0,1020.0,36.0,Education,Urban,Graduate,Male,Government,No
748.0,11333.0,2493.0,Salaried,57.0,,0.0,765.0,3.0,0.47,7497.0,9599.0,38559.0,84.0,Education,Urban,Graduate,Female,Private,No
749.0,18608.0,6813.0,Salaried,37.0,Single,2.0,608.0,0.0,0.45,12268.0,16911.0,8053.0,72.0,Car,Rural,Graduate,Male,Private,No
750.0,14819.0,632.0,Unemployed,51.0,,0.0,772.0,0.0,0.2,6254.0,21553.0,7429.0,36.0,Personal,,Graduate,Male,Private,Yes
751.0,6208.0,3083.0,,28.0,Married,1.0,578.0,2.0,0.21,1207.0,40489.0,23138.0,36.0,Personal,Urban,Graduate,Male,Private,No
752.0,8283.0,3719.0,,35.0,,0.0,655.0,4.0,0.44,7679.0,24813.0,4985.0,12.0,Car,Semiurban,Graduate,Male,Government,No
753.0,4048.0,7123.0,Contract,51.0,Married,0.0,773.0,3.0,,14318.0,39255.0,12065.0,48.0,Car,,Graduate,Male,Government,Yes
754.0,8233.0,1679.0,Salaried,50.0,Married,,566.0,3.0,0.32,18078.0,48889.0,3621.0,12.0,,Semiurban,Not Graduate,Male,Government,No
755.0,14941.0,236.0,Self-employed,40.0,Married,3.0,691.0,1.0,0.49,17211.0,30520.0,17497.0,24.0,Business,Semiurban,Not Graduate,Female,Self,No
756.0,14607.0,7446.0,Contract,59.0,Single,2.0,781.0,1.0,0.49,6970.0,30541.0,34308.0,36.0,Home,Semiurban,,,Self,No
757.0,11765.0,4443.0,Self-employed,32.0,Single,0.0,713.0,1.0,0.33,4954.0,1236.0,7352.0,84.0,Personal,Semiurban,Graduate,Male,Private,Yes
758.0,3828.0,6770.0,Unemployed,37.0,Married,,735.0,0.0,0.5,4904.0,,34963.0,84.0,Personal,Rural,Graduate,Male,Private,No
759.0,3917.0,6099.0,Unemployed,50.0,Single,,789.0,0.0,0.52,,45397.0,25466.0,84.0,,Urban,Graduate,Male,Government,No
760.0,8988.0,8555.0,Salaried,49.0,Married,1.0,573.0,4.0,0.43,622.0,12549.0,27280.0,36.0,Business,Urban,Graduate,Female,Private,No
761.0,16594.0,2368.0,Salaried,39.0,Married,0.0,658.0,0.0,0.21,4686.0,28453.0,26729.0,84.0,Personal,Urban,Graduate,Male,Private,No
762.0,14977.0,285.0,Unemployed,31.0,Single,2.0,740.0,0.0,0.24,14997.0,36191.0,21890.0,24.0,Personal,Urban,Graduate,Male,MNC,Yes
763.0,2009.0,148.0,Self-employed,,Married,2.0,795.0,0.0,0.26,904.0,13906.0,14072.0,36.0,Personal,Rural,Graduate,Male,Private,Yes
764.0,18644.0,4037.0,Salaried,27.0,Married,3.0,640.0,4.0,0.16,9308.0,15988.0,33415.0,84.0,Home,Urban,Graduate,Male,Government,No
765.0,11865.0,6549.0,Salaried,54.0,Married,3.0,,2.0,0.24,9661.0,28723.0,6937.0,36.0,Car,Rural,,Female,,No
766.0,4219.0,7121.0,Self-employed,40.0,Married,2.0,736.0,2.0,0.2,7063.0,34800.0,4086.0,72.0,Education,Urban,Graduate,Male,Private,Yes
767.0,9041.0,4895.0,Unemployed,58.0,Single,0.0,581.0,4.0,0.33,10194.0,40107.0,23040.0,36.0,Education,Rural,Graduate,Male,Private,No
768.0,7287.0,5280.0,Contract,44.0,Married,0.0,665.0,1.0,0.55,575.0,28430.0,28518.0,24.0,,Rural,Graduate,Male,Government,No
769.0,3619.0,1012.0,Self-employed,30.0,Married,1.0,631.0,2.0,0.15,11661.0,33535.0,24780.0,12.0,Home,Semiurban,Graduate,Male,Private,
770.0,10512.0,,Salaried,52.0,Married,1.0,659.0,0.0,0.46,13039.0,3940.0,36575.0,36.0,Home,Semiurban,Graduate,Male,Private,No
771.0,3342.0,3725.0,Salaried,35.0,Single,1.0,695.0,0.0,0.44,1202.0,22793.0,33797.0,48.0,Car,,Graduate,Male,MNC,No
,12568.0,4576.0,,57.0,Married,0.0,586.0,3.0,0.15,13765.0,13262.0,19814.0,24.0,Education,,Graduate,Female,Government,No
773.0,16231.0,5782.0,Salaried,40.0,Single,1.0,575.0,3.0,0.56,4731.0,45420.0,36468.0,60.0,Business,Urban,Graduate,Male,Private,No
774.0,5490.0,6257.0,Salaried,23.0,Married,1.0,686.0,1.0,,8971.0,38710.0,28491.0,72.0,Education,Semiurban,Graduate,Female,Private,No
775.0,11310.0,2408.0,Salaried,57.0,Married,0.0,776.0,1.0,0.28,10543.0,7961.0,17227.0,24.0,Personal,Rural,Graduate,Male,Government,Yes
776.0,9984.0,340.0,Self-employed,,Married,0.0,613.0,2.0,0.48,2719.0,27499.0,10443.0,12.0,Home,Urban,Graduate,Female,Private,No
777.0,19988.0,2817.0,Unemployed,,Married,1.0,621.0,0.0,0.23,1055.0,41498.0,32434.0,84.0,Home,,Not Graduate,Male,Private,No
778.0,14219.0,2496.0,Salaried,31.0,Married,2.0,697.0,0.0,0.45,2225.0,32283.0,9174.0,84.0,Home,Urban,Graduate,Female,Private,No
779.0,2235.0,5962.0,Salaried,28.0,Married,0.0,731.0,0.0,0.12,15201.0,1633.0,25325.0,24.0,Personal,Semiurban,Graduate,Male,Private,No
780.0,12161.0,5299.0,Self-employed,49.0,Single,1.0,655.0,1.0,0.52,10401.0,7822.0,37883.0,60.0,Home,Rural,Not Graduate,,Government,No
781.0,3908.0,7574.0,Unemployed,50.0,Married,2.0,635.0,3.0,0.32,14334.0,26968.0,7019.0,84.0,,Semiurban,Graduate,Female,Government,Yes
,10567.0,1689.0,Salaried,30.0,Single,1.0,760.0,1.0,,16271.0,40255.0,39304.0,72.0,Personal,Semiurban,Graduate,Male,,No
783.0,5530.0,3267.0,Salaried,59.0,Married,0.0,707.0,,0.21,2128.0,48899.0,,48.0,Car,Semiurban,Graduate,Male,Private,Yes
784.0,7256.0,4406.0,Salaried,48.0,Married,1.0,602.0,2.0,0.44,10860.0,20830.0,12770.0,60.0,Home,Rural,Not Graduate,Male,Private,No
785.0,10162.0,8453.0,Contract,,Married,0.0,641.0,,0.49,18426.0,6738.0,20032.0,24.0,Home,Urban,Graduate,Male,Government,No
786.0,7415.0,1442.0,Salaried,33.0,Single,3.0,,,0.34,,4098.0,4905.0,60.0,Business,Semiurban,Graduate,Male,Private,No
787.0,5391.0,8597.0,Salaried,52.0,Married,0.0,784.0,0.0,0.41,8998.0,,29855.0,84.0,Personal,Semiurban,Not Graduate,Male,Private,No
788.0,,4437.0,Self-employed,56.0,Married,,740.0,1.0,0.33,19116.0,9097.0,18190.0,84.0,Car,Urban,Not Graduate,Male,MNC,No
789.0,7951.0,5435.0,Contract,57.0,Married,0.0,560.0,3.0,0.55,,14136.0,10206.0,24.0,Education,Urban,Graduate,Male,Private,No
790.0,10007.0,8435.0,Salaried,,Married,1.0,580.0,2.0,0.35,4984.0,39244.0,1166.0,84.0,Personal,Urban,Not Graduate,Male,MNC,No
791.0,11064.0,4107.0,Contract,42.0,Married,1.0,726.0,3.0,,11806.0,9253.0,20462.0,,Personal,Semiurban,,,Private,No
792.0,17524.0,,Salaried,24.0,,0.0,789.0,4.0,0.5,8863.0,26208.0,23766.0,48.0,Business,Rural,Graduate,Male,Private,No
,2077.0,8785.0,Self-employed,51.0,Married,1.0,780.0,3.0,,16992.0,5887.0,30190.0,48.0,Business,Rural,Graduate,Female,Government,No
,9577.0,5548.0,Salaried,38.0,Married,0.0,649.0,2.0,0.22,14631.0,45411.0,25303.0,12.0,Personal,Semiurban,Graduate,Male,Private,No
795.0,18984.0,1826.0,Self-employed,58.0,Single,0.0,771.0,1.0,,948.0,10492.0,38382.0,48.0,Car,Urban,Graduate,Female,Private,Yes
,16060.0,7629.0,Salaried,44.0,Married,1.0,636.0,0.0,,9480.0,,13289.0,36.0,Car,Urban,Not Graduate,Female,Private,No
797.0,19449.0,8325.0,,43.0,Married,0.0,696.0,4.0,0.21,11150.0,2454.0,13233.0,60.0,Business,Urban,Graduate,Female,MNC,Yes
,12535.0,3138.0,Self-employed,42.0,Married,2.0,689.0,1.0,0.36,15073.0,18522.0,24807.0,60.0,Personal,Semiurban,Graduate,Female,,
799.0,11510.0,7693.0,Self-employed,22.0,Single,1.0,564.0,0.0,0.5,,39575.0,3992.0,24.0,Business,Urban,Graduate,Female,,No
800.0,8943.0,,Contract,51.0,Married,1.0,708.0,2.0,0.28,,4192.0,,48.0,Education,Semiurban,Not Graduate,Male,Self,No
801.0,13954.0,7842.0,Contract,31.0,Married,0.0,720.0,1.0,0.42,7885.0,46580.0,30037.0,12.0,Education,Rural,Not Graduate,Male,Self,No
802.0,9804.0,6721.0,Salaried,48.0,Married,1.0,650.0,,0.22,,16775.0,4808.0,84.0,Car,Semiurban,Graduate,Male,Self,No
803.0,8565.0,7002.0,Salaried,52.0,Married,,714.0,2.0,0.15,18235.0,11402.0,2674.0,12.0,Home,Rural,Not Graduate,Female,Private,Yes
804.0,7984.0,4225.0,Unemployed,25.0,Married,0.0,756.0,1.0,0.5,16324.0,14074.0,38945.0,12.0,Car,,Graduate,Female,Private,No
805.0,6670.0,2978.0,Salaried,58.0,Single,2.0,578.0,3.0,0.15,9714.0,16245.0,17055.0,72.0,Business,Urban,,Female,Private,
806.0,11184.0,7373.0,Self-employed,30.0,Single,0.0,663.0,,0.24,8334.0,37527.0,5285.0,84.0,,Urban,Not Graduate,Female,,No
807.0,4192.0,5907.0,Unemployed,44.0,Single,2.0,656.0,1.0,0.53,11870.0,26936.0,14301.0,36.0,Home,Rural,Graduate,Female,Private,No
808.0,3248.0,6097.0,Salaried,55.0,Married,0.0,703.0,2.0,0.27,17757.0,28002.0,4618.0,48.0,Home,Semiurban,Not Graduate,Male,Private,Yes
809.0,13246.0,,Self-employed,43.0,Married,2.0,657.0,2.0,0.59,10444.0,16683.0,18615.0,84.0,Car,Semiurban,Graduate,Male,MNC,No
810.0,14790.0,8984.0,Salaried,37.0,Married,1.0,679.0,3.0,0.59,,13460.0,3306.0,12.0,Home,Urban,Graduate,Male,MNC,No
811.0,5687.0,4259.0,Self-employed,21.0,Married,0.0,,1.0,0.23,13350.0,31482.0,14138.0,84.0,Home,Semiurban,Not Graduate,Male,Private,No
812.0,6018.0,8286.0,Salaried,51.0,Married,0.0,564.0,,0.12,8538.0,17447.0,4826.0,36.0,Personal,Urban,Graduate,Male,Private,No
813.0,13302.0,5901.0,Salaried,51.0,Single,1.0,793.0,0.0,0.45,10744.0,49228.0,14362.0,60.0,Home,Urban,Graduate,Male,Private,No
814.0,3970.0,4917.0,Self-employed,54.0,Married,3.0,,4.0,0.33,14670.0,18729.0,32291.0,24.0,Home,Urban,Graduate,Female,Private,No
815.0,,8429.0,Contract,29.0,Married,0.0,763.0,1.0,0.15,11050.0,21545.0,16528.0,48.0,Business,Semiurban,Graduate,Male,Private,Yes
816.0,19586.0,2530.0,Contract,42.0,Married,0.0,599.0,3.0,0.45,12456.0,29204.0,6157.0,48.0,Business,Urban,Graduate,Female,MNC,No
817.0,17374.0,1960.0,Salaried,33.0,Married,1.0,715.0,0.0,0.12,4926.0,10814.0,24261.0,72.0,,Urban,,Male,Private,Yes
818.0,7788.0,7045.0,Salaried,,Married,1.0,572.0,0.0,,19225.0,14890.0,26522.0,60.0,Home,Semiurban,Not Graduate,Male,Private,No
819.0,7408.0,1048.0,Self-employed,38.0,Single,1.0,608.0,1.0,0.17,1661.0,2740.0,27729.0,48.0,Business,Semiurban,Graduate,Female,Private,No
820.0,11446.0,5772.0,Salaried,32.0,Married,2.0,639.0,3.0,0.16,16928.0,31121.0,13209.0,72.0,Car,Semiurban,Graduate,Female,MNC,Yes
821.0,2922.0,2529.0,Unemployed,37.0,Single,,664.0,2.0,0.19,19761.0,12218.0,,,Home,Semiurban,Graduate,Male,MNC,No
822.0,2419.0,2964.0,Contract,35.0,Single,3.0,624.0,4.0,0.58,10220.0,7055.0,20377.0,72.0,Home,Rural,Graduate,Male,Self,No
823.0,12789.0,7137.0,,,Single,1.0,705.0,1.0,0.45,7984.0,,5610.0,48.0,Home,Urban,Not Graduate,,Private,No
824.0,3120.0,963.0,Unemployed,35.0,Married,0.0,797.0,1.0,0.5,10399.0,35722.0,31409.0,48.0,Personal,Urban,Not Graduate,Female,Private,No
825.0,13260.0,536.0,Salaried,59.0,,,743.0,0.0,0.3,14693.0,43000.0,16417.0,48.0,Education,Semiurban,Graduate,Male,Private,Yes
826.0,19334.0,7340.0,Self-employed,33.0,Married,1.0,672.0,3.0,0.27,2137.0,7439.0,28155.0,36.0,Business,Urban,Graduate,Male,Private,No
827.0,4336.0,7179.0,Salaried,37.0,Single,0.0,685.0,0.0,0.22,,31921.0,23610.0,72.0,Personal,Semiurban,Graduate,Male,Self,No
828.0,7373.0,7967.0,Unemployed,52.0,Married,1.0,706.0,3.0,0.34,5689.0,34729.0,25926.0,36.0,Car,Semiurban,Graduate,Female,Private,No
829.0,,8734.0,Salaried,29.0,,0.0,688.0,,0.38,1003.0,24211.0,26767.0,24.0,Personal,Rural,Graduate,Female,Private,No
830.0,6612.0,845.0,Self-employed,40.0,Married,1.0,778.0,4.0,0.42,8241.0,31614.0,20420.0,48.0,Car,Rural,Graduate,Female,Government,No
831.0,15946.0,5777.0,Contract,,Married,2.0,567.0,2.0,0.23,826.0,18601.0,25235.0,84.0,Home,Rural,,Male,Private,No
832.0,13104.0,3036.0,Salaried,47.0,,0.0,732.0,2.0,0.57,13006.0,28796.0,34968.0,60.0,Personal,Urban,Not Graduate,Female,Government,No
833.0,15429.0,5947.0,Salaried,41.0,Married,0.0,599.0,3.0,0.18,1734.0,7007.0,37068.0,12.0,Education,Rural,Graduate,Female,Private,No
834.0,8371.0,2494.0,Contract,38.0,Married,2.0,691.0,0.0,0.58,7193.0,21514.0,4462.0,24.0,Car,Urban,Not Graduate,Female,Private,No
835.0,8359.0,2719.0,Salaried,33.0,Single,3.0,667.0,2.0,0.11,19134.0,,11677.0,84.0,Business,Semiurban,Not Graduate,Male,Private,Yes
836.0,9863.0,1884.0,Salaried,36.0,,1.0,,0.0,0.34,12156.0,3076.0,5914.0,12.0,,Semiurban,Graduate,Female,MNC,Yes
837.0,5228.0,4349.0,Salaried,29.0,Single,1.0,776.0,1.0,0.27,18380.0,26350.0,29597.0,12.0,Car,Urban,Graduate,Male,Private,No
838.0,16382.0,,Salaried,32.0,Single,1.0,686.0,0.0,0.32,7373.0,39964.0,2950.0,,Home,Semiurban,Graduate,Female,Private,Yes
839.0,4891.0,6610.0,Contract,58.0,Single,3.0,776.0,0.0,,1191.0,17292.0,11350.0,,Personal,Urban,Graduate,Male,Private,Yes
,5756.0,,Self-employed,39.0,Married,,688.0,1.0,0.32,6086.0,32510.0,18684.0,12.0,Business,,Not Graduate,Male,Government,No
,17770.0,7154.0,Salaried,27.0,Single,0.0,740.0,1.0,0.31,6502.0,29000.0,9560.0,72.0,Personal,,Graduate,Male,Unemployed,Yes
842.0,18478.0,6488.0,Salaried,55.0,Married,1.0,657.0,2.0,0.47,7104.0,44083.0,39038.0,84.0,Home,Urban,Graduate,Male,Private,No
843.0,4674.0,4737.0,Salaried,38.0,Married,1.0,753.0,0.0,0.44,17652.0,31383.0,19284.0,12.0,Home,Urban,Graduate,Male,Private,No
844.0,8898.0,6525.0,Salaried,36.0,Single,2.0,616.0,2.0,0.52,4200.0,12785.0,,24.0,Personal,Semiurban,Not Graduate,Male,MNC,No
845.0,12147.0,3850.0,Salaried,59.0,Married,1.0,730.0,0.0,0.22,15176.0,,8081.0,60.0,Car,Rural,Graduate,Male,Self,Yes
846.0,2793.0,689.0,Salaried,24.0,Married,2.0,,2.0,0.4,12029.0,40028.0,11727.0,60.0,Car,Urban,Graduate,Female,Government,Yes
847.0,4116.0,5175.0,Salaried,45.0,Married,3.0,627.0,2.0,0.39,8776.0,25855.0,17006.0,12.0,Education,Urban,Graduate,Male,Private,No
848.0,7779.0,8648.0,Self-employed,52.0,Married,0.0,733.0,2.0,0.28,7969.0,25281.0,36805.0,60.0,Business,Rural,Not Graduate,Male,Private,
849.0,14298.0,5078.0,Salaried,33.0,Single,0.0,705.0,3.0,0.34,2348.0,49302.0,22664.0,24.0,Car,Urban,Graduate,Female,Self,No
850.0,16153.0,5448.0,Self-employed,37.0,Married,1.0,624.0,1.0,0.26,2542.0,5841.0,35330.0,84.0,Home,Urban,Graduate,Male,Government,No
851.0,13111.0,1179.0,Self-employed,57.0,Married,0.0,588.0,3.0,0.17,3158.0,32668.0,31821.0,24.0,Home,Rural,Graduate,Male,Government,No
852.0,12789.0,6406.0,Self-employed,26.0,Married,0.0,574.0,1.0,0.21,7272.0,27918.0,13225.0,24.0,Personal,Semiurban,Graduate,Male,Private,No
853.0,13397.0,8591.0,Self-employed,,Married,0.0,570.0,1.0,0.15,9459.0,47152.0,37987.0,72.0,Business,Rural,Graduate,Male,Government,No
,14999.0,6907.0,Salaried,33.0,,2.0,687.0,2.0,0.44,14906.0,18443.0,35151.0,48.0,Business,Urban,Graduate,Male,Unemployed,No
855.0,2814.0,8800.0,Contract,46.0,Married,2.0,720.0,0.0,0.43,6292.0,33250.0,16960.0,12.0,Car,Rural,Graduate,Male,MNC,No
,18729.0,1638.0,Self-employed,34.0,Married,1.0,564.0,2.0,0.58,13345.0,2922.0,30680.0,84.0,Home,Rural,Graduate,Female,Private,No
857.0,12541.0,5671.0,Salaried,51.0,Single,1.0,760.0,2.0,0.46,3600.0,32976.0,14659.0,60.0,Education,Urban,Graduate,Male,Government,No
858.0,4443.0,6928.0,Contract,24.0,Single,0.0,597.0,1.0,0.13,10647.0,12991.0,5932.0,24.0,Education,Urban,Graduate,Male,Government,No
859.0,12457.0,1382.0,Self-employed,59.0,Single,2.0,635.0,0.0,0.54,2978.0,39869.0,20883.0,12.0,Personal,Rural,Graduate,Female,MNC,No
860.0,12380.0,1403.0,Salaried,28.0,Single,2.0,698.0,0.0,0.53,2405.0,23733.0,12892.0,84.0,Home,Semiurban,Graduate,Male,,No
861.0,9783.0,3292.0,Salaried,45.0,Married,1.0,737.0,4.0,0.32,5354.0,3473.0,14239.0,84.0,Personal,Semiurban,Not Graduate,Male,MNC,No
862.0,13473.0,,Salaried,33.0,Married,0.0,665.0,2.0,0.39,662.0,9108.0,4067.0,12.0,Education,Semiurban,Graduate,Female,MNC,No
863.0,19368.0,,Contract,52.0,Married,0.0,785.0,0.0,0.59,15090.0,,28287.0,48.0,Personal,Rural,Graduate,Male,Private,
864.0,17328.0,3302.0,Self-employed,58.0,Single,0.0,773.0,1.0,0.37,7210.0,49218.0,31683.0,72.0,Business,Rural,Graduate,Female,Self,Yes
865.0,2827.0,7857.0,Unemployed,58.0,Married,1.0,599.0,2.0,0.55,2967.0,43811.0,18331.0,60.0,Home,Urban,Graduate,Male,Government,No
866.0,9147.0,7870.0,Self-employed,48.0,Married,2.0,700.0,3.0,0.14,9020.0,33210.0,8255.0,72.0,Home,Urban,Graduate,Female,Private,Yes
867.0,6451.0,5693.0,Salaried,50.0,Married,2.0,690.0,0.0,,7759.0,49978.0,32574.0,84.0,Home,Rural,Graduate,Male,Private,No
868.0,17343.0,767.0,Salaried,23.0,Married,1.0,618.0,0.0,0.32,4895.0,38317.0,4253.0,60.0,Education,Rural,Not Graduate,Male,Private,No
869.0,15635.0,2044.0,Self-employed,48.0,Married,2.0,553.0,3.0,0.39,9899.0,34362.0,1580.0,84.0,Personal,Semiurban,Not Graduate,Female,Self,No
870.0,7959.0,1549.0,Self-employed,23.0,Single,3.0,,0.0,0.51,10554.0,5889.0,22777.0,24.0,,Rural,Not Graduate,Female,Private,No
871.0,2126.0,6140.0,Unemployed,54.0,Married,0.0,627.0,0.0,0.59,15833.0,25021.0,6573.0,24.0,Home,Semiurban,Not Graduate,Female,Unemployed,No
872.0,,3716.0,Salaried,36.0,Single,0.0,749.0,4.0,0.29,10429.0,9212.0,17390.0,12.0,Education,Urban,Not Graduate,,Government,Yes
873.0,13641.0,4481.0,Salaried,42.0,Single,3.0,558.0,2.0,0.12,2225.0,32971.0,26725.0,60.0,Business,Rural,,Female,Self,No
874.0,9196.0,7898.0,Self-employed,52.0,Married,0.0,,1.0,0.5,13333.0,4201.0,12118.0,60.0,Home,Semiurban,Graduate,,Private,No
875.0,13559.0,6548.0,Self-employed,,Married,3.0,664.0,0.0,0.4,14550.0,41622.0,16189.0,84.0,Education,Urban,,Male,Government,No
876.0,5368.0,2293.0,Self-employed,28.0,Married,3.0,712.0,0.0,0.2,2987.0,40531.0,22808.0,72.0,Car,Urban,Graduate,Male,Private,Yes
877.0,5797.0,4837.0,Contract,28.0,Married,2.0,650.0,0.0,0.35,3869.0,44421.0,28612.0,,Home,Rural,Graduate,Female,,No
878.0,17114.0,,Salaried,26.0,Single,2.0,698.0,3.0,0.47,2433.0,25346.0,9768.0,36.0,Car,Rural,Graduate,Female,Unemployed,No
,15718.0,6793.0,Self-employed,34.0,Married,2.0,735.0,,0.49,15222.0,38958.0,39412.0,12.0,Education,Urban,Not Graduate,Male,Government,No
880.0,3792.0,7638.0,Self-employed,,Married,2.0,695.0,3.0,0.35,8158.0,14715.0,7333.0,60.0,Education,Urban,Graduate,Female,Private,
881.0,13053.0,7993.0,Contract,55.0,Married,0.0,646.0,4.0,0.25,3997.0,6681.0,34084.0,48.0,Car,Semiurban,Graduate,Female,Unemployed,No
882.0,5476.0,6007.0,Contract,30.0,Single,0.0,749.0,1.0,0.59,11617.0,37446.0,21166.0,48.0,Business,Rural,Graduate,Male,Private,No
883.0,5417.0,5542.0,Salaried,23.0,Single,0.0,792.0,0.0,0.43,5673.0,47870.0,9716.0,36.0,Personal,Semiurban,Graduate,Male,Private,Yes
884.0,3645.0,6356.0,Salaried,32.0,Single,2.0,790.0,2.0,0.3,12964.0,17720.0,7977.0,24.0,Business,Semiurban,Graduate,Female,Government,Yes
885.0,16755.0,8433.0,Unemployed,51.0,Single,0.0,630.0,4.0,0.24,9357.0,2667.0,,24.0,Car,Semiurban,Graduate,Male,Private,No
886.0,5072.0,7380.0,Salaried,49.0,,0.0,592.0,3.0,0.47,9927.0,29152.0,31056.0,24.0,Personal,Urban,Graduate,Male,Self,No
887.0,3854.0,2385.0,Unemployed,25.0,Single,0.0,644.0,0.0,0.22,5596.0,9204.0,8263.0,72.0,Personal,Semiurban,,Male,Self,Yes
888.0,6662.0,,,45.0,Married,2.0,775.0,2.0,0.19,10477.0,38890.0,20844.0,84.0,Home,Urban,Graduate,Male,Self,Yes
889.0,8514.0,671.0,Self-employed,51.0,Single,3.0,555.0,2.0,0.36,6409.0,25537.0,3218.0,,Car,Rural,Graduate,Male,Private,No
890.0,4708.0,163.0,Contract,41.0,Single,3.0,763.0,4.0,0.24,16824.0,12217.0,26385.0,24.0,Personal,Urban,Graduate,Male,Private,Yes
891.0,13694.0,8656.0,Unemployed,40.0,Married,1.0,755.0,0.0,,7952.0,49351.0,36262.0,48.0,Car,Semiurban,Graduate,Female,Private,No
892.0,11524.0,4592.0,Salaried,59.0,Single,2.0,616.0,2.0,0.16,18058.0,34741.0,11401.0,36.0,Education,Urban,Graduate,Male,MNC,Yes
893.0,8456.0,4795.0,Self-employed,42.0,Single,2.0,689.0,3.0,0.43,16223.0,21654.0,1449.0,12.0,Home,Semiurban,,Female,Private,No
894.0,6212.0,4798.0,Salaried,,Married,1.0,649.0,1.0,0.24,19388.0,2408.0,35489.0,84.0,Education,Urban,Graduate,,Private,No
895.0,15224.0,6036.0,,33.0,Single,1.0,561.0,1.0,0.1,18062.0,43903.0,25659.0,72.0,Home,Urban,Graduate,Female,Unemployed,No
896.0,9970.0,2355.0,Self-employed,40.0,Married,0.0,786.0,0.0,0.16,3744.0,19672.0,39508.0,60.0,Home,Urban,Graduate,Female,Self,Yes
897.0,18920.0,5887.0,Self-employed,33.0,,3.0,615.0,1.0,,7605.0,42506.0,19303.0,36.0,Car,Rural,Graduate,Male,,No
898.0,3625.0,7961.0,Unemployed,37.0,Married,0.0,551.0,1.0,0.53,9553.0,48117.0,4974.0,84.0,Business,Urban,Not Graduate,Male,MNC,No
,12314.0,5827.0,Salaried,56.0,Married,1.0,692.0,4.0,0.22,7139.0,2218.0,12158.0,48.0,Business,Semiurban,Graduate,Male,Private,Yes
900.0,9973.0,8737.0,Salaried,53.0,Single,2.0,700.0,1.0,0.49,4061.0,37145.0,23555.0,36.0,Home,Semiurban,Graduate,Female,Private,No
901.0,10577.0,4719.0,Salaried,21.0,Single,0.0,706.0,1.0,0.4,5760.0,44732.0,36496.0,60.0,Home,Semiurban,Graduate,Female,Private,No
902.0,10070.0,593.0,Salaried,35.0,Single,0.0,630.0,,0.59,14300.0,31105.0,30984.0,84.0,Personal,Semiurban,Graduate,Male,Private,No
903.0,10666.0,4839.0,Salaried,33.0,Married,1.0,773.0,0.0,,2431.0,5098.0,12576.0,72.0,Personal,Rural,Graduate,Female,Government,Yes
904.0,5600.0,7394.0,Contract,37.0,Single,0.0,684.0,1.0,0.44,14229.0,8619.0,23593.0,12.0,Business,Urban,Not Graduate,Male,Private,No
905.0,8783.0,3493.0,Salaried,44.0,Married,2.0,771.0,3.0,0.13,6829.0,12939.0,13802.0,60.0,Home,Urban,Not Graduate,Male,Self,Yes
906.0,15226.0,6164.0,Unemployed,28.0,Single,1.0,705.0,3.0,0.3,15592.0,19226.0,7527.0,84.0,Personal,Rural,Graduate,Female,Private,No
907.0,11146.0,2672.0,,47.0,Married,1.0,691.0,2.0,0.58,16357.0,26322.0,11611.0,72.0,Business,Urban,Not Graduate,Male,Private,No
908.0,6971.0,4200.0,Self-employed,43.0,Married,1.0,721.0,2.0,0.37,1679.0,17878.0,32761.0,48.0,Education,Rural,Graduate,Male,Self,
909.0,15490.0,16.0,Unemployed,28.0,Single,1.0,707.0,0.0,0.24,14461.0,7560.0,20945.0,60.0,Personal,Urban,Graduate,Female,Private,
910.0,19589.0,3191.0,Contract,28.0,Married,1.0,758.0,4.0,0.16,18865.0,39278.0,,36.0,Home,Semiurban,Graduate,Female,Self,Yes
911.0,14951.0,392.0,Salaried,46.0,Married,,709.0,0.0,0.45,16945.0,37212.0,19702.0,24.0,Home,Urban,Graduate,Male,MNC,No
912.0,14312.0,8616.0,Salaried,33.0,Married,2.0,787.0,3.0,0.42,16953.0,30299.0,37004.0,36.0,Personal,Rural,Graduate,Male,Self,Yes
913.0,3990.0,6272.0,Salaried,59.0,Married,2.0,619.0,1.0,0.29,5798.0,8543.0,31198.0,48.0,Personal,Semiurban,Graduate,Male,Private,No
914.0,7299.0,571.0,Self-employed,57.0,Married,2.0,664.0,4.0,0.58,3281.0,24946.0,21773.0,84.0,,Urban,Graduate,Male,MNC,No
915.0,14997.0,,Contract,48.0,Married,0.0,637.0,3.0,0.11,4429.0,32740.0,2097.0,12.0,Business,Urban,Graduate,Female,Private,Yes
916.0,15472.0,6172.0,Salaried,45.0,Married,1.0,555.0,3.0,0.25,12334.0,46197.0,31847.0,60.0,Personal,Urban,Graduate,Male,Self,No
917.0,6380.0,7177.0,Contract,36.0,Married,3.0,576.0,0.0,0.56,17926.0,,18991.0,84.0,Car,Semiurban,Graduate,Male,Private,No
918.0,6757.0,8433.0,Self-employed,22.0,Single,0.0,,1.0,0.26,13894.0,14775.0,39391.0,12.0,Car,Urban,Graduate,Male,Private,No
919.0,12395.0,3897.0,Salaried,38.0,Married,0.0,637.0,2.0,0.23,5025.0,33813.0,,48.0,Home,Urban,Graduate,Female,MNC,No
920.0,18241.0,8123.0,Unemployed,37.0,Single,1.0,778.0,3.0,0.37,18846.0,28632.0,32101.0,60.0,Home,Semiurban,Graduate,Male,Private,Yes
921.0,7588.0,2279.0,Salaried,50.0,Single,0.0,669.0,0.0,0.51,8366.0,49365.0,22578.0,72.0,Personal,Semiurban,Not Graduate,Male,Unemployed,No
922.0,19350.0,8980.0,Salaried,59.0,Married,0.0,573.0,4.0,0.15,8906.0,3057.0,7487.0,,Home,Urban,Graduate,Male,Private,No
923.0,6944.0,,Self-employed,33.0,Single,3.0,651.0,3.0,0.57,7795.0,34431.0,3790.0,84.0,Home,Urban,Not Graduate,Male,Unemployed,No
924.0,15395.0,8906.0,Salaried,52.0,Single,,583.0,1.0,0.5,17948.0,38436.0,16843.0,36.0,Home,Semiurban,Graduate,Male,MNC,No
925.0,19072.0,775.0,Self-employed,49.0,Single,0.0,717.0,3.0,0.19,17044.0,19413.0,18989.0,84.0,Home,Rural,Graduate,Male,Private,Yes
926.0,6243.0,6869.0,Salaried,50.0,Married,3.0,596.0,2.0,0.46,1043.0,31225.0,23403.0,36.0,Home,Urban,Not Graduate,Female,Government,No
927.0,11916.0,2247.0,Salaried,38.0,Married,3.0,756.0,1.0,0.29,795.0,39485.0,16070.0,48.0,Personal,Rural,Graduate,Female,Government,No
928.0,11984.0,7088.0,Unemployed,33.0,Single,1.0,752.0,1.0,0.3,121.0,3696.0,19630.0,,Car,Urban,Graduate,Female,,No
929.0,3759.0,78.0,Salaried,41.0,Single,0.0,763.0,2.0,0.49,2308.0,46968.0,38901.0,60.0,Personal,Urban,Graduate,Male,Private,No
930.0,11181.0,8080.0,Salaried,50.0,Single,2.0,795.0,3.0,0.58,1766.0,17101.0,23853.0,72.0,Personal,Semiurban,,Male,Government,Yes
931.0,4482.0,7099.0,Salaried,41.0,Married,2.0,573.0,1.0,0.16,17735.0,9831.0,13479.0,36.0,Education,,Graduate,Male,Private,No
932.0,2951.0,3926.0,Unemployed,,Single,2.0,614.0,,0.31,8368.0,20047.0,8255.0,84.0,Home,Semiurban,Graduate,Male,Private,No
933.0,4079.0,7340.0,Salaried,39.0,Single,2.0,567.0,2.0,0.34,15165.0,6004.0,5957.0,48.0,Car,Rural,,,Private,
934.0,4717.0,7083.0,Salaried,35.0,Married,2.0,593.0,3.0,0.29,13063.0,23705.0,20637.0,72.0,Home,Rural,Graduate,Female,Government,No
935.0,11692.0,6230.0,Salaried,29.0,Married,0.0,625.0,0.0,0.28,9458.0,46924.0,14551.0,48.0,Personal,Urban,,Male,MNC,No
936.0,,4940.0,Salaried,30.0,Married,2.0,606.0,,0.13,1012.0,22509.0,2615.0,72.0,Education,Urban,Not Graduate,,Private,No
937.0,2768.0,3271.0,Contract,51.0,Single,0.0,656.0,,0.44,6618.0,38170.0,6715.0,84.0,Business,Rural,Graduate,Male,Government,No
938.0,7490.0,3456.0,,43.0,Single,2.0,,1.0,0.32,822.0,,39854.0,12.0,Personal,Urban,Graduate,Male,Government,No
939.0,17534.0,7788.0,Salaried,50.0,Single,1.0,781.0,0.0,0.2,14931.0,15662.0,11263.0,84.0,Car,Semiurban,Graduate,Female,Private,Yes
940.0,8645.0,8599.0,Self-employed,53.0,Married,0.0,673.0,1.0,0.51,11645.0,,,72.0,Personal,Urban,Graduate,,MNC,No
941.0,7232.0,7650.0,Salaried,29.0,Married,1.0,748.0,3.0,0.5,5716.0,1394.0,20370.0,36.0,Home,Urban,Graduate,Female,Private,No
942.0,,2711.0,Unemployed,21.0,Married,0.0,700.0,1.0,0.34,7338.0,48403.0,18192.0,84.0,Personal,Urban,Graduate,Male,Private,No
943.0,7797.0,1668.0,Unemployed,55.0,Married,0.0,762.0,3.0,0.25,10098.0,37365.0,20498.0,60.0,,Rural,Graduate,Female,Private,Yes
944.0,14342.0,147.0,Salaried,31.0,Single,1.0,711.0,0.0,0.42,3600.0,11524.0,39548.0,36.0,Car,Rural,Not Graduate,Male,MNC,No
945.0,10038.0,6420.0,Contract,54.0,Single,0.0,688.0,1.0,0.24,18742.0,34097.0,1041.0,36.0,Home,Urban,Not Graduate,Female,MNC,Yes
946.0,18002.0,365.0,Contract,36.0,Single,2.0,763.0,4.0,0.22,17553.0,27673.0,22721.0,36.0,Business,Rural,Graduate,Male,Private,Yes
947.0,15087.0,4531.0,Salaried,29.0,Single,0.0,783.0,3.0,0.47,8918.0,18156.0,25675.0,48.0,Home,Urban,Not Graduate,Male,Private,No
948.0,6873.0,5330.0,Salaried,52.0,Married,2.0,712.0,0.0,0.12,973.0,2645.0,17273.0,24.0,Home,Urban,Graduate,Male,Government,No
949.0,,5510.0,Salaried,35.0,Married,2.0,665.0,2.0,0.15,4682.0,30049.0,39092.0,24.0,Car,Rural,Graduate,Male,Self,Yes
950.0,12093.0,8754.0,Contract,32.0,Single,2.0,642.0,0.0,0.1,10113.0,10815.0,33794.0,12.0,Car,,Graduate,Male,Government,No
951.0,16422.0,8964.0,Unemployed,53.0,Single,1.0,,1.0,0.18,2376.0,2848.0,,36.0,Business,Urban,Graduate,Male,MNC,No
952.0,18438.0,,Contract,34.0,Married,,577.0,3.0,0.13,16085.0,35329.0,30699.0,24.0,Personal,Urban,Not Graduate,Male,,No
953.0,9643.0,5439.0,Contract,28.0,Married,0.0,672.0,3.0,0.6,17238.0,34541.0,16404.0,12.0,Business,Rural,Graduate,Male,Unemployed,No
954.0,17708.0,6511.0,Self-employed,28.0,Married,0.0,759.0,0.0,0.24,13650.0,8311.0,27339.0,48.0,Car,Rural,Graduate,Female,Government,Yes
955.0,13271.0,7504.0,,47.0,Single,1.0,755.0,4.0,0.17,14082.0,22563.0,28700.0,36.0,Business,Rural,Graduate,Male,,Yes
956.0,19216.0,1246.0,Contract,32.0,Married,0.0,759.0,2.0,0.22,,16203.0,28210.0,60.0,Education,Urban,Graduate,Male,Self,Yes
957.0,14600.0,3839.0,Salaried,21.0,Married,3.0,769.0,1.0,0.57,12617.0,10290.0,22812.0,48.0,Car,Rural,Graduate,Female,Private,No
958.0,,8551.0,Self-employed,31.0,Married,0.0,573.0,2.0,0.36,13402.0,35818.0,6789.0,12.0,Car,Urban,Graduate,Female,Private,No
959.0,16295.0,2376.0,Contract,59.0,Married,2.0,685.0,2.0,,1950.0,18131.0,32648.0,48.0,Education,Rural,Not Graduate,Female,Private,Yes
960.0,12682.0,3009.0,Salaried,51.0,Single,2.0,655.0,2.0,0.54,1114.0,31143.0,1811.0,60.0,Home,Urban,Graduate,Female,Government,No
961.0,18380.0,1827.0,Contract,37.0,Married,0.0,667.0,1.0,0.3,10568.0,25509.0,29404.0,48.0,Car,Urban,Graduate,Male,,
962.0,10519.0,6979.0,Salaried,53.0,Single,1.0,786.0,2.0,0.27,1226.0,23244.0,8203.0,12.0,Home,Semiurban,Graduate,Female,Government,Yes
963.0,5300.0,8569.0,Salaried,52.0,Single,0.0,602.0,0.0,0.2,880.0,37741.0,24711.0,60.0,Home,Rural,Not Graduate,Male,Private,No
964.0,8722.0,,Contract,49.0,Single,,749.0,3.0,0.29,3831.0,27898.0,3039.0,60.0,Home,Rural,Graduate,Male,Government,Yes
965.0,9218.0,6910.0,Salaried,41.0,Married,0.0,681.0,2.0,0.26,3304.0,35383.0,8681.0,48.0,Car,Urban,Graduate,Female,Private,No
966.0,5054.0,8561.0,Salaried,41.0,Single,3.0,768.0,0.0,0.44,14007.0,48318.0,,60.0,Personal,Semiurban,,Male,Self,No
967.0,15575.0,2196.0,Salaried,43.0,Married,3.0,649.0,3.0,0.24,8337.0,21138.0,7599.0,84.0,Car,Rural,Graduate,Male,Private,Yes
,9970.0,3747.0,Contract,26.0,Single,0.0,554.0,4.0,0.39,19253.0,44262.0,26477.0,48.0,Business,Urban,Graduate,Male,Unemployed,No
969.0,4143.0,8843.0,Salaried,42.0,Single,0.0,774.0,4.0,0.13,934.0,6506.0,28059.0,36.0,Car,Rural,,,Self,Yes
970.0,11503.0,5978.0,Unemployed,58.0,Married,2.0,598.0,1.0,0.2,5591.0,21605.0,6300.0,60.0,Education,Rural,Graduate,Male,Self,Yes
971.0,17149.0,5607.0,Salaried,57.0,Married,0.0,647.0,0.0,0.3,7806.0,14054.0,8385.0,48.0,Education,Urban,Graduate,Male,Self,
972.0,14175.0,769.0,Unemployed,28.0,Married,2.0,579.0,2.0,0.57,4759.0,29231.0,18918.0,36.0,Business,Urban,Graduate,Male,Government,No
973.0,10356.0,780.0,Unemployed,55.0,Married,1.0,621.0,0.0,0.29,1999.0,14861.0,33514.0,60.0,Education,Urban,,Male,Private,No
974.0,17070.0,6303.0,Salaried,31.0,Married,0.0,652.0,4.0,0.43,17152.0,12587.0,33383.0,36.0,Business,Urban,Graduate,,Self,No
975.0,2822.0,3983.0,Salaried,44.0,,2.0,612.0,0.0,0.23,16383.0,14515.0,24010.0,72.0,Education,Semiurban,Not Graduate,Male,Government,No
976.0,19327.0,8714.0,Salaried,41.0,Married,1.0,724.0,1.0,0.16,18972.0,22675.0,36215.0,60.0,Home,Semiurban,Graduate,Female,Government,No
977.0,16289.0,,Self-employed,22.0,Married,3.0,575.0,,0.13,19088.0,39622.0,23856.0,72.0,Car,Semiurban,Not Graduate,Male,Private,No
978.0,8150.0,7569.0,Salaried,39.0,Married,3.0,,1.0,0.25,6224.0,17600.0,5881.0,12.0,Business,Urban,Graduate,Female,MNC,Yes
979.0,6425.0,5784.0,Salaried,59.0,Married,0.0,586.0,3.0,0.18,15784.0,28892.0,14581.0,12.0,Car,Semiurban,Graduate,Male,Private,No
,18032.0,4583.0,Salaried,48.0,Married,0.0,775.0,1.0,0.19,13058.0,18743.0,38837.0,48.0,Business,,Graduate,Male,Private,Yes
981.0,4198.0,5946.0,Salaried,37.0,Married,3.0,556.0,0.0,0.48,13878.0,4774.0,29567.0,24.0,Education,Rural,Graduate,Male,MNC,No
982.0,5452.0,4941.0,Salaried,26.0,Married,3.0,676.0,1.0,0.11,1229.0,22801.0,35564.0,72.0,Car,Urban,Graduate,Male,Unemployed,Yes
983.0,11106.0,6267.0,Self-employed,39.0,Married,0.0,717.0,2.0,0.38,684.0,38695.0,25929.0,72.0,Business,Semiurban,Graduate,Male,Private,No
984.0,15859.0,7128.0,,58.0,Single,2.0,641.0,0.0,0.29,8047.0,29853.0,23348.0,12.0,Home,Rural,Graduate,Male,MNC,No
985.0,19692.0,2461.0,Salaried,48.0,,1.0,,2.0,0.35,3131.0,5429.0,16973.0,72.0,Car,Semiurban,Graduate,Male,Private,Yes
986.0,10705.0,685.0,Self-employed,22.0,Married,0.0,739.0,2.0,0.38,8703.0,5606.0,21969.0,24.0,Personal,Urban,Not Graduate,Male,Self,Yes
987.0,12112.0,2160.0,Salaried,58.0,Married,2.0,652.0,3.0,0.26,2402.0,5478.0,10653.0,36.0,,Urban,Graduate,Male,Government,No
988.0,6841.0,7031.0,Contract,57.0,Single,0.0,769.0,4.0,0.25,5659.0,49844.0,35162.0,36.0,Personal,Rural,Graduate,Female,Government,No
989.0,17358.0,,Unemployed,24.0,Single,3.0,755.0,4.0,0.47,2525.0,,10690.0,24.0,Personal,Urban,Graduate,Male,Self,No
,3409.0,38.0,Contract,42.0,Single,0.0,602.0,4.0,0.54,6885.0,41134.0,25069.0,72.0,Home,Rural,Graduate,Female,Private,No
991.0,6566.0,,Unemployed,46.0,Single,,791.0,0.0,0.2,3507.0,5427.0,32676.0,72.0,Business,Rural,Not Graduate,Female,Private,No
992.0,13382.0,1256.0,Salaried,56.0,Married,0.0,779.0,0.0,0.15,16256.0,47244.0,18199.0,72.0,Personal,Urban,Graduate,Male,Self,Yes
993.0,19939.0,7697.0,Contract,,Married,1.0,681.0,1.0,0.55,19160.0,6361.0,26837.0,84.0,Car,Semiurban,Graduate,Female,Private,No
994.0,16596.0,2196.0,Contract,52.0,Married,2.0,783.0,3.0,0.27,16391.0,26475.0,11944.0,48.0,Home,Urban,Graduate,Female,MNC,Yes
995.0,2804.0,7165.0,Salaried,37.0,Single,0.0,759.0,,0.38,10594.0,1641.0,6282.0,60.0,Education,Urban,Not Graduate,Male,Government,
996.0,15221.0,301.0,Unemployed,56.0,Single,1.0,657.0,3.0,0.28,17740.0,22730.0,37040.0,24.0,Business,Semiurban,Graduate,Female,Private,No
997.0,3279.0,7527.0,Salaried,39.0,Single,1.0,661.0,0.0,0.16,10455.0,22113.0,13084.0,24.0,Home,Semiurban,Graduate,Female,Self,Yes
998.0,15192.0,6381.0,Self-employed,55.0,,0.0,702.0,4.0,0.39,14095.0,21011.0,1996.0,84.0,Home,Urban,Graduate,Male,Private,Yes
999.0,9083.0,646.0,Salaried,48.0,Single,2.0,556.0,1.0,0.36,5439.0,43853.0,19487.0,24.0,Business,Rural,Graduate,Male,,No
1000.0,13093.0,8789.0,Salaried,21.0,Married,0.0,779.0,0.0,0.2,,20659.0,20351.0,24.0,Personal,Urban,Graduate,,Private,Yes
